user_id,query,recommendation_count,rec_1_title,rec_1_id,rec_1_categories,rec_1_description,rec_2_title,rec_2_id,rec_2_categories,rec_2_description,rec_3_title,rec_3_id,rec_3_categories,rec_3_description,rec_4_title,rec_4_id,rec_4_categories,rec_4_description,rec_5_title,rec_5_id,rec_5_categories,rec_5_description,rec_6_title,rec_6_id,rec_6_categories,rec_6_description,rec_7_title,rec_7_id,rec_7_categories,rec_7_description,rec_8_title,rec_8_id,rec_8_categories,rec_8_description,rec_9_title,rec_9_id,rec_9_categories,rec_9_description,rec_10_title,rec_10_id,rec_10_categories,rec_10_description
AGFQLVHXXSPDAOEHSVJQ6IY4EKJQ,Recommend a song for working out or gym with fast melody,10,Hybrid Theory,B00004Z459,"CDs & Vinyl, Indie & Alternative, Alternative Rock, American Alternative",When the first track from a band's debut album gets added to major rock stations four weeks before i,Cheek to Cheek,B00MU79IL8,"CDs & Vinyl, Universal Music Group",Deluxe edition includes three bonus tracks. The legendary Tony Bennett and superstar Lady Gaga met i,"So Far, So Good...So What!       Explicit Lyrics",B0002EXH4A,"CDs & Vinyl, Rock, Progressive, Progressive Metal","This re-issue features four previously unreleased tracks ""Into the Lungs of Hell (Paul Lani Mix),"" """,Dark Side Of The Moon,B000002U82,"CDs & Vinyl, Rock, Progressive, Progressive Rock","Product description, DARK SIDE OF THE MOON was a benchmark record. It turned the musical world on it",Forty Licks,B00006IR69,"CDs & Vinyl, Classic Rock, Album-Oriented Rock (AOR)","Product description, 2CD set. Digitally remastered! Career-spanning, 40-track compile of classics., ",Viva la Vida or Death and All His Friends,B000RPTQ1C,"CDs & Vinyl, Indie & Alternative, Alternative Rock, British Alternative","Product Description, Coldplay Photos, Amazon.com, To say there has been a lot of anticipation for Co",Get Born,B0000AQVCL,"CDs & Vinyl, Indie & Alternative, Hardcore & Punk, Garage Punk","Product Description, Your rock & roll ship has come in. Or, more rightly, your Jet has landed. This ",Free Yourself,B00065BYAY,"CDs & Vinyl, Pop, Adult Contemporary","Product Description, AN ASTONISHING VOICE! AN ELECTRIFYING SOUL! THE STUNNING DEBUT AMERICA HAS BEEN",Very Best Of,B002CGS00C,"CDs & Vinyl, Pop","2009 two CD compilation. Steely Dan have sold more than 30 million albums worldwide, and helped defi",Abbey Road,B000002UB3,"CDs & Vinyl, Rock, Progressive, Progressive Rock","Product description, No Description Available., Genre:, Popular Music, Media Format:, Compact Disk, "
AH2GZPINQW5KP446KNXRV2J7KSEQ,Recommend a song for working out or gym with fast melody,10,Play,B00000J6AG,"CDs & Vinyl, Dance & Electronic, Ambient","Product description, Moby ~ Play, Amazon.com, The great iconoclast of techno returns with a smooth, ",Ultimate Manilow,B00005USBH,"CDs & Vinyl, Pop, Oldies, Traditional Pop","Ulimate Manilow, the greatest hits collection from the #1 Adult Contemporary artists of all time. Tr",Cheek to Cheek,B00MU79IL8,"CDs & Vinyl, Universal Music Group",Deluxe edition includes three bonus tracks. The legendary Tony Bennett and superstar Lady Gaga met i,Dark Side Of The Moon,B000002U82,"CDs & Vinyl, Rock, Progressive, Progressive Rock","Product description, DARK SIDE OF THE MOON was a benchmark record. It turned the musical world on it",The Battle of Los Angeles,B00002MZ2C,"CDs & Vinyl, Today's Deals in Music, Alternative Rock, Alternative General, CDs $7 - $10","Product Description, remastered reissue of 1999 albumpackaged in a digipak., Amazon.com, Having succ",Reflections - A Retrospective,B000JU8HHE,"CDs & Vinyl, R&B, Contemporary R&B","Product Description, Reflections - A Retrospective is the ultimate collection of Mary J. Blige's gre",All That You Can't Leave Behind,B00004Z0LW,"CDs & Vinyl, Classic Rock, Album-Oriented Rock (AOR)","""Beautiful Day"" won the 2001 Grammy Awards for Record Of The Year, for Song Of The Year and for Best",Oscd Ad Adele 21,B004EBT5CU,"CDs & Vinyl, Pop, Singer-Songwriters","21, is the eagerly awaited sophomore album from British singer-songwriter Adele. It’s the follow up ",Feedback,B00028HBIY,"CDs & Vinyl, Rock, Progressive, Progressive Metal","As they celebrate a thirty-year career of filling arenas, selling tens of millions of albums and pla",Lovesexy,B000002LE6,"CDs & Vinyl, Today's Deals in Music, R&B, R&B General, CDs $7 - $10","Personnel: Prince (vocals, various instruments); Cat (vocals); Miko (guitars, background vocals); Er"
AEXEXV2ZMUWLKPDJTV4ULDZODRVA,Recommend a song for working out or gym with fast melody,10,Meteora,B00008H2LB,"CDs & Vinyl, Indie & Alternative, Alternative Rock, American Alternative","Product Description, Meteora, the follow-up album of the new material to Linkin Park's phenomenal ei",Sounds of Summer: Very Best of The Beach Boys,B000093BDX,"CDs & Vinyl, Pop, Oldies, Baroque Pop","Product Description, This the ultimate Beach Boys album. Thirty hits fa vorite songs, the most Beach",Confessions on a Dance Floor,B000B8QEZG,"CDs & Vinyl, Pop, Adult Contemporary","Product Description, On, Confessions of a Dance Floor, , Madonna, the most popular and significant f","The Platinum Collection: Greatest Hits I, II & III",B00006JIA4,"CDs & Vinyl, Rock, Progressive, Progressive Rock",The most comprehensive collection of Queen hits ever! Throw in the good price and the 48-page bookle,Get Rich Or Die Tryin'       Explicit Lyrics,B000084T18,"CDs & Vinyl, Rap & Hip-Hop, East Coast",50 cents debut promises to set the pace for hip-ho p in coming years. The product of his un-relentin,Very Best Of,B002CGS00C,"CDs & Vinyl, Pop","2009 two CD compilation. Steely Dan have sold more than 30 million albums worldwide, and helped defi",Dark Side Of The Moon,B000002U82,"CDs & Vinyl, Rock, Progressive, Progressive Rock","Product description, DARK SIDE OF THE MOON was a benchmark record. It turned the musical world on it",The Breakthrough,B000BNTM32,"CDs & Vinyl, R&B, Contemporary R&B","Product description, No One Will Do About You Father In You 16 Total Tracks, Amazon.com, Nobody know",Viva la Vida or Death and All His Friends,B000RPTQ1C,"CDs & Vinyl, Indie & Alternative, Alternative Rock, British Alternative","Product Description, Coldplay Photos, Amazon.com, To say there has been a lot of anticipation for Co",Rush Remastered,B000001ES9,"CDs & Vinyl, Today's Deals in Music, Classic Rock, Album-Oriented Rock (AOR), CDs $7 - $10",Features 20-bit digital remastering from the original master tapes and enhanced packaging faithful t
AFAIJYOUO3NAWLBDIKTQSC3DASWA,Recommend a song for working out or gym with fast melody,10,Sounds of Summer: Very Best of The Beach Boys,B000093BDX,"CDs & Vinyl, Pop, Oldies, Baroque Pop","Product Description, This the ultimate Beach Boys album. Thirty hits fa vorite songs, the most Beach",Born to Die,B005QJZ5FA,"CDs & Vinyl, Indie & Alternative, Indie & Lo-Fi, Indie Rock",Sometimes stars emerge. Sometimes stars are thrust upon us. And sometimes stars simply slip into the,Be,B0009IFEJ0,"CDs & Vinyl, Rap & Hip-Hop, Experimental Rap","Product description, Common ~ Be, Amazon.com, Though heralded as an instant hip-hop classic by some,",Vapor Trails 2013 Remix,B00E9P959O,"CDs & Vinyl, Rock, Progressive, Progressive Rock","In 2009, two tracks from VAPOR TRAILS (“One Little Victory” and “Earthshine”) were remixed for the R",A Bigger Bang       Explicit Lyrics,B000A7Q27I,"CDs & Vinyl, International Music, Europe, Britain & Ireland, Britain","Product Description, A Bigger Bang is an ambitious, wide-ranging collection of hard-hitting, high-po",Dance With My Father,B000099J41,"CDs & Vinyl, Today's Deals in Music, R&B, Quiet Storm, CDs $7 - $10",Rome ~ Dance With My Father,In The Lonely Hour,B00H3GZMIE,"CDs & Vinyl, Pop, Singer-Songwriters","Product Description, Between smashing it on guest vocal performances, Sam was crafting his own uniqu",Master of Puppets,B000002H33,"CDs & Vinyl, Metal, Thrash & Speed Metal","Product description, No Description Available., Genre:, Popular Music, Media Format:, Compact Disk, ",Around the Sun,B0002W4UVG,"CDs & Vinyl, Indie & Alternative, Indie & Lo-Fi, Jangle Pop","Product Description, The thirteenth studio album from R.E.M., released in 2004, Around the Sun is no",Good News For People Who Love Bad News,B0001M7P78,"CDs & Vinyl, Today's Deals in Music, Alternative Rock, Alternative General, CDs $7 - $10","Product Description, It's hard to pinpoint the exact moment Modest Mouse started sounding like a rea"
AEL3N3CLZAGKLHQWI3TWSZ3AIZCQ,Recommend a song for working out or gym with fast melody,10,Meteora,B00008H2LB,"CDs & Vinyl, Indie & Alternative, Alternative Rock, American Alternative","Product Description, Meteora, the follow-up album of the new material to Linkin Park's phenomenal ei",Sounds of Summer: Very Best of The Beach Boys,B000093BDX,"CDs & Vinyl, Pop, Oldies, Baroque Pop","Product Description, This the ultimate Beach Boys album. Thirty hits fa vorite songs, the most Beach",Confessions on a Dance Floor,B000B8QEZG,"CDs & Vinyl, Pop, Adult Contemporary","Product Description, On, Confessions of a Dance Floor, , Madonna, the most popular and significant f",Get Rich Or Die Tryin'       Explicit Lyrics,B000084T18,"CDs & Vinyl, Rap & Hip-Hop, East Coast",50 cents debut promises to set the pace for hip-ho p in coming years. The product of his un-relentin,Dark Side Of The Moon,B000002U82,"CDs & Vinyl, Rock, Progressive, Progressive Rock","Product description, DARK SIDE OF THE MOON was a benchmark record. It turned the musical world on it",Forty Licks,B00006IR69,"CDs & Vinyl, Classic Rock, Album-Oriented Rock (AOR)","Product description, 2CD set. Digitally remastered! Career-spanning, 40-track compile of classics., ",Rush Remastered,B000001ES9,"CDs & Vinyl, Today's Deals in Music, Classic Rock, Album-Oriented Rock (AOR), CDs $7 - $10",Features 20-bit digital remastering from the original master tapes and enhanced packaging faithful t,The Breakthrough,B000BNTM32,"CDs & Vinyl, R&B, Contemporary R&B","Product description, No One Will Do About You Father In You 16 Total Tracks, Amazon.com, Nobody know",Abba Gold: Greatest Hits,B000001DZO,"CDs & Vinyl, Pop, Euro Pop, Swedish Pop","Product description, Gold (Greatest Hits) CD Polydor, 517 007-2, 1992, 19 Track, Amazon.com, Anyone ",Get Born,B0000AQVCL,"CDs & Vinyl, Indie & Alternative, Hardcore & Punk, Garage Punk","Product Description, Your rock & roll ship has come in. Or, more rightly, your Jet has landed. This "
AG3DKUACPFIXXV5M2MQIMUA7F2QA,Recommend a song for working out or gym with fast melody,10,Meteora,B00008H2LB,"CDs & Vinyl, Indie & Alternative, Alternative Rock, American Alternative","Product Description, Meteora, the follow-up album of the new material to Linkin Park's phenomenal ei",Dance With My Father,B000099J41,"CDs & Vinyl, Today's Deals in Music, R&B, Quiet Storm, CDs $7 - $10",Rome ~ Dance With My Father,Get Rich Or Die Tryin'       Explicit Lyrics,B000084T18,"CDs & Vinyl, Rap & Hip-Hop, East Coast",50 cents debut promises to set the pace for hip-ho p in coming years. The product of his un-relentin,This Is Me...Then,B00006RIO8,"CDs & Vinyl, Today's Deals in Music, Pop, Pop General, CDs $7 - $10","Product description, Between her first and second albums, Jennifer Lopez moved from sharp hip-hop to",Encore       Explicit Lyrics,B00065XJ52,"CDs & Vinyl, Rap & Hip-Hop, Gangsta & Hardcore","ENCORE is the new album from Eminem that includes the hot smash singles ""Just Lose It.""",Dark Side Of The Moon,B000002U82,"CDs & Vinyl, Rock, Progressive, Progressive Rock","Product description, DARK SIDE OF THE MOON was a benchmark record. It turned the musical world on it",Forty Licks,B00006IR69,"CDs & Vinyl, Classic Rock, Album-Oriented Rock (AOR)","Product description, 2CD set. Digitally remastered! Career-spanning, 40-track compile of classics., ",The Very Best of Frankie Valli & The 4 Seasons Single,B00007KWHG,"CDs & Vinyl, Rhino Records",THE VERY BEST OF FRANKIE VALLI & THE 4 SEASONS packs a single CD with 20 classics recorded for Vee-J,Ray Of Light,B000002NJS,"CDs & Vinyl, Today's Deals in Music, Dance & DJ, Dance General, CDs $7 - $10","Product description, Ray Of Light CD Maverick, 9362-46847-2, 1998, 13 Track, Amazon.com, Never under",Piece Of Mind,B000063DFQ,"CDs & Vinyl, Indie & Alternative, New Wave & Post-Punk, New Wave",nan
AHPCV3QRNVOAEHUXW5FWKYA5YACA,Recommend a song for working out or gym with fast melody,10,Meteora,B00008H2LB,"CDs & Vinyl, Indie & Alternative, Alternative Rock, American Alternative","Product Description, Meteora, the follow-up album of the new material to Linkin Park's phenomenal ei",Confessions on a Dance Floor,B000B8QEZG,"CDs & Vinyl, Pop, Adult Contemporary","Product Description, On, Confessions of a Dance Floor, , Madonna, the most popular and significant f",Young Hearts: Complete Greatest Hits,B0000C0FEQ,"CDs & Vinyl, Classic Rock, Album-Oriented Rock (AOR)",nan,Earth Wind & Fire Greatest Hits,B00000FC5H,"CDs & Vinyl, R&B, Funk","Product Description, For the first time ever-all of their biggest hits on a single CD! Seven of thes","So Far, So Good...So What!       Explicit Lyrics",B0002EXH4A,"CDs & Vinyl, Rock, Progressive, Progressive Metal","This re-issue features four previously unreleased tracks ""Into the Lungs of Hell (Paul Lani Mix),"" """,Dark Side Of The Moon,B000002U82,"CDs & Vinyl, Rock, Progressive, Progressive Rock","Product description, DARK SIDE OF THE MOON was a benchmark record. It turned the musical world on it",The Best of Anita Baker,B000066RM4,"CDs & Vinyl, R&B, Contemporary R&B",The Best of Anita Baker serves up 18 sensuously soulful songs released on the Beverly Glen and Ele k,Oscd Ad Adele 21,B004EBT5CU,"CDs & Vinyl, Pop, Singer-Songwriters","21, is the eagerly awaited sophomore album from British singer-songwriter Adele. It’s the follow up ",Wingspan: Hits and History,B00005BA03,"CDs & Vinyl, International Music, Europe, Britain & Ireland, Britain","Product description, CD's have a total of 40 songs. Manufactured by Capitol Records., Amazon.com, Wh",Cheek to Cheek,B00MU79IL8,"CDs & Vinyl, Universal Music Group",Deluxe edition includes three bonus tracks. The legendary Tony Bennett and superstar Lady Gaga met i
AHFACOSMUHERIDAVDKYXN6K7P3QA,Recommend a song for working out or gym with fast melody,10,Meteora,B00008H2LB,"CDs & Vinyl, Indie & Alternative, Alternative Rock, American Alternative","Product Description, Meteora, the follow-up album of the new material to Linkin Park's phenomenal ei",Confessions on a Dance Floor,B000B8QEZG,"CDs & Vinyl, Pop, Adult Contemporary","Product Description, On, Confessions of a Dance Floor, , Madonna, the most popular and significant f",Young Hearts: Complete Greatest Hits,B0000C0FEQ,"CDs & Vinyl, Classic Rock, Album-Oriented Rock (AOR)",nan,Ultimate Manilow,B00005USBH,"CDs & Vinyl, Pop, Oldies, Traditional Pop","Ulimate Manilow, the greatest hits collection from the #1 Adult Contemporary artists of all time. Tr",Earth Wind & Fire Greatest Hits,B00000FC5H,"CDs & Vinyl, R&B, Funk","Product Description, For the first time ever-all of their biggest hits on a single CD! Seven of thes","So Far, So Good...So What!       Explicit Lyrics",B0002EXH4A,"CDs & Vinyl, Rock, Progressive, Progressive Metal","This re-issue features four previously unreleased tracks ""Into the Lungs of Hell (Paul Lani Mix),"" """,Dark Side Of The Moon,B000002U82,"CDs & Vinyl, Rock, Progressive, Progressive Rock","Product description, DARK SIDE OF THE MOON was a benchmark record. It turned the musical world on it",If I'm Honest,B01EITN5YQ,"CDs & Vinyl, Country, Today's Country","If I'm Honest, is Blake's 10th studio album.  It was again produced by Scott Hendricks, and features",Musicology,B0001XTRCI,"CDs & Vinyl, R&B, Funk","Product description, Carnivore ~ Musicology, Amazon.com, After a decade and a half of only making re",Cheek to Cheek,B00MU79IL8,"CDs & Vinyl, Universal Music Group",Deluxe edition includes three bonus tracks. The legendary Tony Bennett and superstar Lady Gaga met i
AHRMC6WMY67TRGUW63SJPJ56ZPVQ,Recommend a song for working out or gym with fast melody,10,Meteora,B00008H2LB,"CDs & Vinyl, Indie & Alternative, Alternative Rock, American Alternative","Product Description, Meteora, the follow-up album of the new material to Linkin Park's phenomenal ei",Confessions on a Dance Floor,B000B8QEZG,"CDs & Vinyl, Pop, Adult Contemporary","Product Description, On, Confessions of a Dance Floor, , Madonna, the most popular and significant f",Very Best Of,B002CGS00C,"CDs & Vinyl, Pop","2009 two CD compilation. Steely Dan have sold more than 30 million albums worldwide, and helped defi",Dark Side Of The Moon,B000002U82,"CDs & Vinyl, Rock, Progressive, Progressive Rock","Product description, DARK SIDE OF THE MOON was a benchmark record. It turned the musical world on it",Title,B00OPMI04M,"CDs & Vinyl, Pop",Deluxe edition includes four bonus tracks. Highly anticipated 2015 debut album from the singer/songw,"So Far, So Good...So What!       Explicit Lyrics",B0002EXH4A,"CDs & Vinyl, Rock, Progressive, Progressive Metal","This re-issue features four previously unreleased tracks ""Into the Lungs of Hell (Paul Lani Mix),"" """,No Strings Attached,B00004NRPZ,"CDs & Vinyl, Pop, Adult Contemporary","Product description, No Description Available., Genre:, Popular Music, Media Format:, Compact Disk, ",Cheek to Cheek,B00MU79IL8,"CDs & Vinyl, Universal Music Group",Deluxe edition includes three bonus tracks. The legendary Tony Bennett and superstar Lady Gaga met i,Lovesexy,B000002LE6,"CDs & Vinyl, Today's Deals in Music, R&B, R&B General, CDs $7 - $10","Personnel: Prince (vocals, various instruments); Cat (vocals); Miko (guitars, background vocals); Er",Piece Of Mind,B000063DFQ,"CDs & Vinyl, Indie & Alternative, New Wave & Post-Punk, New Wave",nan
AENAH7SDSDAGKO2ZX4FP4CT5CN4Q,Recommend a song for working out or gym with fast melody,10,Meteora,B00008H2LB,"CDs & Vinyl, Indie & Alternative, Alternative Rock, American Alternative","Product Description, Meteora, the follow-up album of the new material to Linkin Park's phenomenal ei",Cheek to Cheek,B00MU79IL8,"CDs & Vinyl, Universal Music Group",Deluxe edition includes three bonus tracks. The legendary Tony Bennett and superstar Lady Gaga met i,Earth Wind & Fire Greatest Hits,B00000FC5H,"CDs & Vinyl, R&B, Funk","Product Description, For the first time ever-all of their biggest hits on a single CD! Seven of thes",In The Zone,B0000DD7LB,"CDs & Vinyl, Today's Deals in Music, Dance & DJ, Dance General, CDs $7 - $10","Product Description, Jive Recording artist Britney Spears is set to release her 4th album, In The Zo",Encore       Explicit Lyrics,B00065XJ52,"CDs & Vinyl, Rap & Hip-Hop, Gangsta & Hardcore","ENCORE is the new album from Eminem that includes the hot smash singles ""Just Lose It.""",Dark Side Of The Moon,B000002U82,"CDs & Vinyl, Rock, Progressive, Progressive Rock","Product description, DARK SIDE OF THE MOON was a benchmark record. It turned the musical world on it",Forty Licks,B00006IR69,"CDs & Vinyl, Classic Rock, Album-Oriented Rock (AOR)","Product description, 2CD set. Digitally remastered! Career-spanning, 40-track compile of classics., ",Viva la Vida or Death and All His Friends,B000RPTQ1C,"CDs & Vinyl, Indie & Alternative, Alternative Rock, British Alternative","Product Description, Coldplay Photos, Amazon.com, To say there has been a lot of anticipation for Co",How I Do,B00005LB1H,"CDs & Vinyl, R&B, Soul","Product description, Res ~ How I Do, Amazon.com, A musical sorority sister of, Alicia Keys, and, Ang",The Spirit Of Radio: Greatest Hits 1974-1987,B0000794FS,"CDs & Vinyl, Rock, Progressive, Progressive Metal","80-minutes of Rush, first evcer greatest hits collection by Rush, approved by the band. 16 track's f"
AHCWSSZCQBMGVHJZN4J3K2NBCBBQ,Recommend a song for working out or gym with fast melody,10,In The Zone,B0000DD7LB,"CDs & Vinyl, Today's Deals in Music, Dance & DJ, Dance General, CDs $7 - $10","Product Description, Jive Recording artist Britney Spears is set to release her 4th album, In The Zo",Forty Licks,B00006IR69,"CDs & Vinyl, Classic Rock, Album-Oriented Rock (AOR)","Product description, 2CD set. Digitally remastered! Career-spanning, 40-track compile of classics., ",Encore       Explicit Lyrics,B00065XJ52,"CDs & Vinyl, Rap & Hip-Hop, Gangsta & Hardcore","ENCORE is the new album from Eminem that includes the hot smash singles ""Just Lose It.""",Dark Side Of The Moon,B000002U82,"CDs & Vinyl, Rock, Progressive, Progressive Rock","Product description, DARK SIDE OF THE MOON was a benchmark record. It turned the musical world on it",In The Lonely Hour,B00H3GZMIE,"CDs & Vinyl, Pop, Singer-Songwriters","Product Description, Between smashing it on guest vocal performances, Sam was crafting his own uniqu",Wingspan: Hits and History,B00005BA03,"CDs & Vinyl, International Music, Europe, Britain & Ireland, Britain","Product description, CD's have a total of 40 songs. Manufactured by Capitol Records., Amazon.com, Wh",Get Rich Or Die Tryin'       Explicit Lyrics,B000084T18,"CDs & Vinyl, Rap & Hip-Hop, East Coast",50 cents debut promises to set the pace for hip-ho p in coming years. The product of his un-relentin,Cheek to Cheek,B00MU79IL8,"CDs & Vinyl, Universal Music Group",Deluxe edition includes three bonus tracks. The legendary Tony Bennett and superstar Lady Gaga met i,Get Lifted,B0002X314C,"CDs & Vinyl, R&B, Contemporary R&B",nan,10.000 Days,B000EULJLU,"CDs & Vinyl, Rock, Progressive, Progressive Metal","Product Description, After five long years, the new studio album from Tool, 10,000 DAYS, is ready to"
AEEVROQSWZNCJ67IVOVFHBBP66QA,Recommend a song for working out or gym with fast melody,10,Meteora,B00008H2LB,"CDs & Vinyl, Indie & Alternative, Alternative Rock, American Alternative","Product Description, Meteora, the follow-up album of the new material to Linkin Park's phenomenal ei",Confessions on a Dance Floor,B000B8QEZG,"CDs & Vinyl, Pop, Adult Contemporary","Product Description, On, Confessions of a Dance Floor, , Madonna, the most popular and significant f",Ultimate Manilow,B00005USBH,"CDs & Vinyl, Pop, Oldies, Traditional Pop","Ulimate Manilow, the greatest hits collection from the #1 Adult Contemporary artists of all time. Tr",Dark Side Of The Moon,B000002U82,"CDs & Vinyl, Rock, Progressive, Progressive Rock","Product description, DARK SIDE OF THE MOON was a benchmark record. It turned the musical world on it",Rush Remastered,B000001ES9,"CDs & Vinyl, Today's Deals in Music, Classic Rock, Album-Oriented Rock (AOR), CDs $7 - $10",Features 20-bit digital remastering from the original master tapes and enhanced packaging faithful t,Wingspan: Hits and History,B00005BA03,"CDs & Vinyl, International Music, Europe, Britain & Ireland, Britain","Product description, CD's have a total of 40 songs. Manufactured by Capitol Records., Amazon.com, Wh",Oscd Ad Adele 21,B004EBT5CU,"CDs & Vinyl, Pop, Singer-Songwriters","21, is the eagerly awaited sophomore album from British singer-songwriter Adele. It’s the follow up ",Illmatic       Explicit Lyrics,B0000029GA,"CDs & Vinyl, Today's Deals in Music, Rap & Hip-Hop, Rap & Hip-Hop General, CDs $7 - $10","Product description, No Description Available., Genre:, Rap, Hip-Hop, Media Format:, Compact Disk, R",All That You Can't Leave Behind,B00004Z0LW,"CDs & Vinyl, Classic Rock, Album-Oriented Rock (AOR)","""Beautiful Day"" won the 2001 Grammy Awards for Record Of The Year, for Song Of The Year and for Best",X&Y,B0006L16N8,"CDs & Vinyl, Indie & Alternative, Alternative Rock, British Alternative, Britpop","Product Description, Coldplay's massively anticipated new album, X&Y, is the follow-up to 2002's 16-"
AGSVZCL4ULPLIGOPMM2EL6HOEW3A,Recommend a song for working out or gym with fast melody,10,Confessions on a Dance Floor,B000B8QEZG,"CDs & Vinyl, Pop, Adult Contemporary","Product Description, On, Confessions of a Dance Floor, , Madonna, the most popular and significant f",Sounds of Summer: Very Best of The Beach Boys,B000093BDX,"CDs & Vinyl, Pop, Oldies, Baroque Pop","Product Description, This the ultimate Beach Boys album. Thirty hits fa vorite songs, the most Beach",Get Born,B0000AQVCL,"CDs & Vinyl, Indie & Alternative, Hardcore & Punk, Garage Punk","Product Description, Your rock & roll ship has come in. Or, more rightly, your Jet has landed. This ",Dark Side Of The Moon,B000002U82,"CDs & Vinyl, Rock, Progressive, Progressive Rock","Product description, DARK SIDE OF THE MOON was a benchmark record. It turned the musical world on it",Lovesexy,B000002LE6,"CDs & Vinyl, Today's Deals in Music, R&B, R&B General, CDs $7 - $10","Personnel: Prince (vocals, various instruments); Cat (vocals); Miko (guitars, background vocals); Er",All That You Can't Leave Behind,B00004Z0LW,"CDs & Vinyl, Classic Rock, Album-Oriented Rock (AOR)","""Beautiful Day"" won the 2001 Grammy Awards for Record Of The Year, for Song Of The Year and for Best",Viva la Vida or Death and All His Friends,B000RPTQ1C,"CDs & Vinyl, Indie & Alternative, Alternative Rock, British Alternative","Product Description, Coldplay Photos, Amazon.com, To say there has been a lot of anticipation for Co",Chicken N Beer       Explicit Lyrics,B0000AQS1A,"CDs & Vinyl, Rap & Hip-Hop, Pop Rap","Ludacris--2, Bill O'Reilly--1. The dis is mightier than the sword, and Ludacris wastes no time berat",Mahler: Symphony No. 7,B000001GNE,"CDs & Vinyl, Today's Deals in Music, Classical, Classical General, CDs $7 - $10","No Description AvailableNo Track Information Available, Media Type:, CD, Artist:, MAHLER,G., Title:,",Piece Of Mind,B000063DFQ,"CDs & Vinyl, Indie & Alternative, New Wave & Post-Punk, New Wave",nan
AH7CHBPPU24ILKNDFOMZ5OJC2ZFQ,Recommend a song for working out or gym with fast melody,10,Meteora,B00008H2LB,"CDs & Vinyl, Indie & Alternative, Alternative Rock, American Alternative","Product Description, Meteora, the follow-up album of the new material to Linkin Park's phenomenal ei",Sounds of Summer: Very Best of The Beach Boys,B000093BDX,"CDs & Vinyl, Pop, Oldies, Baroque Pop","Product Description, This the ultimate Beach Boys album. Thirty hits fa vorite songs, the most Beach",Confessions on a Dance Floor,B000B8QEZG,"CDs & Vinyl, Pop, Adult Contemporary","Product Description, On, Confessions of a Dance Floor, , Madonna, the most popular and significant f",Ultimate Manilow,B00005USBH,"CDs & Vinyl, Pop, Oldies, Traditional Pop","Ulimate Manilow, the greatest hits collection from the #1 Adult Contemporary artists of all time. Tr",Dark Side Of The Moon,B000002U82,"CDs & Vinyl, Rock, Progressive, Progressive Rock","Product description, DARK SIDE OF THE MOON was a benchmark record. It turned the musical world on it",Young Hearts: Complete Greatest Hits,B0000C0FEQ,"CDs & Vinyl, Classic Rock, Album-Oriented Rock (AOR)",nan,Wingspan: Hits and History,B00005BA03,"CDs & Vinyl, International Music, Europe, Britain & Ireland, Britain","Product description, CD's have a total of 40 songs. Manufactured by Capitol Records., Amazon.com, Wh",Earth Wind & Fire Greatest Hits,B00000FC5H,"CDs & Vinyl, R&B, Funk","Product Description, For the first time ever-all of their biggest hits on a single CD! Seven of thes",Oscd Ad Adele 21,B004EBT5CU,"CDs & Vinyl, Pop, Singer-Songwriters","21, is the eagerly awaited sophomore album from British singer-songwriter Adele. It’s the follow up ",Rush Remastered,B000001ES9,"CDs & Vinyl, Today's Deals in Music, Classic Rock, Album-Oriented Rock (AOR), CDs $7 - $10",Features 20-bit digital remastering from the original master tapes and enhanced packaging faithful t
AE2W76L2L5VQ2ZD7XDEW2P7VSUJQ,Recommend a song for working out or gym with fast melody,10,FIREPOWER,B078SKX6ZV,"CDs & Vinyl, Pop","2018 release, the 18th album from the legendary British heavy metal band. Firepower is something the",Get Rich Or Die Tryin'       Explicit Lyrics,B000084T18,"CDs & Vinyl, Rap & Hip-Hop, East Coast",50 cents debut promises to set the pace for hip-ho p in coming years. The product of his un-relentin,In The Lonely Hour,B00H3GZMIE,"CDs & Vinyl, Pop, Singer-Songwriters","Product Description, Between smashing it on guest vocal performances, Sam was crafting his own uniqu",Dark Side Of The Moon,B000002U82,"CDs & Vinyl, Rock, Progressive, Progressive Rock","Product description, DARK SIDE OF THE MOON was a benchmark record. It turned the musical world on it",Very Best Of,B002CGS00C,"CDs & Vinyl, Pop","2009 two CD compilation. Steely Dan have sold more than 30 million albums worldwide, and helped defi",Viva la Vida or Death and All His Friends,B000RPTQ1C,"CDs & Vinyl, Indie & Alternative, Alternative Rock, British Alternative","Product Description, Coldplay Photos, Amazon.com, To say there has been a lot of anticipation for Co",A Bigger Bang       Explicit Lyrics,B000A7Q27I,"CDs & Vinyl, International Music, Europe, Britain & Ireland, Britain","Product Description, A Bigger Bang is an ambitious, wide-ranging collection of hard-hitting, high-po",Chicken N Beer       Explicit Lyrics,B0000AQS1A,"CDs & Vinyl, Rap & Hip-Hop, Pop Rap","Ludacris--2, Bill O'Reilly--1. The dis is mightier than the sword, and Ludacris wastes no time berat",Get Born,B0000AQVCL,"CDs & Vinyl, Indie & Alternative, Hardcore & Punk, Garage Punk","Product Description, Your rock & roll ship has come in. Or, more rightly, your Jet has landed. This ",Get Lifted,B0002X314C,"CDs & Vinyl, R&B, Contemporary R&B",nan
AEJXMDR23WUMBLONU42MA57UTCMA,Recommend a song for working out or gym with fast melody,10,Meteora,B00008H2LB,"CDs & Vinyl, Indie & Alternative, Alternative Rock, American Alternative","Product Description, Meteora, the follow-up album of the new material to Linkin Park's phenomenal ei",Sounds of Summer: Very Best of The Beach Boys,B000093BDX,"CDs & Vinyl, Pop, Oldies, Baroque Pop","Product Description, This the ultimate Beach Boys album. Thirty hits fa vorite songs, the most Beach",In The Zone,B0000DD7LB,"CDs & Vinyl, Today's Deals in Music, Dance & DJ, Dance General, CDs $7 - $10","Product Description, Jive Recording artist Britney Spears is set to release her 4th album, In The Zo",Very Best Of,B002CGS00C,"CDs & Vinyl, Pop","2009 two CD compilation. Steely Dan have sold more than 30 million albums worldwide, and helped defi",Abba Gold: Greatest Hits,B000001DZO,"CDs & Vinyl, Pop, Euro Pop, Swedish Pop","Product description, Gold (Greatest Hits) CD Polydor, 517 007-2, 1992, 19 Track, Amazon.com, Anyone ",Dark Side Of The Moon,B000002U82,"CDs & Vinyl, Rock, Progressive, Progressive Rock","Product description, DARK SIDE OF THE MOON was a benchmark record. It turned the musical world on it",How I Do,B00005LB1H,"CDs & Vinyl, R&B, Soul","Product description, Res ~ How I Do, Amazon.com, A musical sorority sister of, Alicia Keys, and, Ang",Viva la Vida or Death and All His Friends,B000RPTQ1C,"CDs & Vinyl, Indie & Alternative, Alternative Rock, British Alternative","Product Description, Coldplay Photos, Amazon.com, To say there has been a lot of anticipation for Co",The Slim Shady       explicit_lyrics,B00000I5JQ,"CDs & Vinyl, Rap & Hip-Hop, Gangsta & Hardcore","Product Description, NEED REF, Amazon.com, On, The Slim Shady LP, , Eminem wants it all. He's confli",Get Born,B0000AQVCL,"CDs & Vinyl, Indie & Alternative, Hardcore & Punk, Garage Punk","Product Description, Your rock & roll ship has come in. Or, more rightly, your Jet has landed. This "
AEWHF5QQEUSLUXCC5KJTYTZVLFEA,Recommend a song for working out or gym with fast melody,10,Meteora,B00008H2LB,"CDs & Vinyl, Indie & Alternative, Alternative Rock, American Alternative","Product Description, Meteora, the follow-up album of the new material to Linkin Park's phenomenal ei",Confessions on a Dance Floor,B000B8QEZG,"CDs & Vinyl, Pop, Adult Contemporary","Product Description, On, Confessions of a Dance Floor, , Madonna, the most popular and significant f",Earth Wind & Fire Greatest Hits,B00000FC5H,"CDs & Vinyl, R&B, Funk","Product Description, For the first time ever-all of their biggest hits on a single CD! Seven of thes",Sgt. Pepper's Lonely Hearts Club Band Super Deluxe,B06WGVMLJY,"CDs & Vinyl, Pop","Includes a 28-page booklet with rare photos, notes on the recording sessions and lyrics. The Beatles","So Far, So Good...So What!       Explicit Lyrics",B0002EXH4A,"CDs & Vinyl, Rock, Progressive, Progressive Metal","This re-issue features four previously unreleased tracks ""Into the Lungs of Hell (Paul Lani Mix),"" """,Dark Side Of The Moon,B000002U82,"CDs & Vinyl, Rock, Progressive, Progressive Rock","Product description, DARK SIDE OF THE MOON was a benchmark record. It turned the musical world on it",Very Best Of,B002CGS00C,"CDs & Vinyl, Pop","2009 two CD compilation. Steely Dan have sold more than 30 million albums worldwide, and helped defi",Oscd Ad Adele 21,B004EBT5CU,"CDs & Vinyl, Pop, Singer-Songwriters","21, is the eagerly awaited sophomore album from British singer-songwriter Adele. It’s the follow up ",Cheek to Cheek,B00MU79IL8,"CDs & Vinyl, Universal Music Group",Deluxe edition includes three bonus tracks. The legendary Tony Bennett and superstar Lady Gaga met i,Get Lifted,B0002X314C,"CDs & Vinyl, R&B, Contemporary R&B",nan
AEETKE5ZCVTQBCTN2ZFWMKV5RPWQ,Recommend a song for working out or gym with fast melody,10,Meteora,B00008H2LB,"CDs & Vinyl, Indie & Alternative, Alternative Rock, American Alternative","Product Description, Meteora, the follow-up album of the new material to Linkin Park's phenomenal ei",The Sweet Escape       Explicit Lyrics,B000JJRIN4,"CDs & Vinyl, Pop, Adult Alternative","Product description, There's nothing like a Gwen Stefani disc to rip you from your pop comfort zone ",Abba Gold: Greatest Hits,B000001DZO,"CDs & Vinyl, Pop, Euro Pop, Swedish Pop","Product description, Gold (Greatest Hits) CD Polydor, 517 007-2, 1992, 19 Track, Amazon.com, Anyone ",The Most Relaxing Classical Music in the Universe,B00008RH16,"CDs & Vinyl, Classical, Forms & Genres, Sonatas, Sonatinas",Prepare to drift away on the soothing sound of the eternal classics collected on this 2-CD set.,Very Best Of,B002CGS00C,"CDs & Vinyl, Pop","2009 two CD compilation. Steely Dan have sold more than 30 million albums worldwide, and helped defi",Dark Side Of The Moon,B000002U82,"CDs & Vinyl, Rock, Progressive, Progressive Rock","Product description, DARK SIDE OF THE MOON was a benchmark record. It turned the musical world on it",Musicology,B0001XTRCI,"CDs & Vinyl, R&B, Funk","Product description, Carnivore ~ Musicology, Amazon.com, After a decade and a half of only making re",Young Hearts: Complete Greatest Hits,B0000C0FEQ,"CDs & Vinyl, Classic Rock, Album-Oriented Rock (AOR)",nan,Viva la Vida or Death and All His Friends,B000RPTQ1C,"CDs & Vinyl, Indie & Alternative, Alternative Rock, British Alternative","Product Description, Coldplay Photos, Amazon.com, To say there has been a lot of anticipation for Co",Oscd Ad Adele 21,B004EBT5CU,"CDs & Vinyl, Pop, Singer-Songwriters","21, is the eagerly awaited sophomore album from British singer-songwriter Adele. It’s the follow up "
AGM73G45DMOMNGGZPTAYGP2C4QQQ,Recommend a song for working out or gym with fast melody,10,The Sweet Escape       Explicit Lyrics,B000JJRIN4,"CDs & Vinyl, Pop, Adult Alternative","Product description, There's nothing like a Gwen Stefani disc to rip you from your pop comfort zone ",FIREPOWER,B078SKX6ZV,"CDs & Vinyl, Pop","2018 release, the 18th album from the legendary British heavy metal band. Firepower is something the",Ultimate Manilow,B00005USBH,"CDs & Vinyl, Pop, Oldies, Traditional Pop","Ulimate Manilow, the greatest hits collection from the #1 Adult Contemporary artists of all time. Tr",Dark Side Of The Moon,B000002U82,"CDs & Vinyl, Rock, Progressive, Progressive Rock","Product description, DARK SIDE OF THE MOON was a benchmark record. It turned the musical world on it",Young Hearts: Complete Greatest Hits,B0000C0FEQ,"CDs & Vinyl, Classic Rock, Album-Oriented Rock (AOR)",nan,In The Lonely Hour,B00H3GZMIE,"CDs & Vinyl, Pop, Singer-Songwriters","Product Description, Between smashing it on guest vocal performances, Sam was crafting his own uniqu",Wingspan: Hits and History,B00005BA03,"CDs & Vinyl, International Music, Europe, Britain & Ireland, Britain","Product description, CD's have a total of 40 songs. Manufactured by Capitol Records., Amazon.com, Wh",A Bigger Bang       Explicit Lyrics,B000A7Q27I,"CDs & Vinyl, International Music, Europe, Britain & Ireland, Britain","Product Description, A Bigger Bang is an ambitious, wide-ranging collection of hard-hitting, high-po",Cheek to Cheek,B00MU79IL8,"CDs & Vinyl, Universal Music Group",Deluxe edition includes three bonus tracks. The legendary Tony Bennett and superstar Lady Gaga met i,Title,B00OPMI04M,"CDs & Vinyl, Pop",Deluxe edition includes four bonus tracks. Highly anticipated 2015 debut album from the singer/songw
AFKIWVT62AXI43FAHTYWUFPCVX6Q,Recommend a song for working out or gym with fast melody,10,Confessions on a Dance Floor,B000B8QEZG,"CDs & Vinyl, Pop, Adult Contemporary","Product Description, On, Confessions of a Dance Floor, , Madonna, the most popular and significant f",Hybrid Theory,B00004Z459,"CDs & Vinyl, Indie & Alternative, Alternative Rock, American Alternative",When the first track from a band's debut album gets added to major rock stations four weeks before i,Sounds of Summer: Very Best of The Beach Boys,B000093BDX,"CDs & Vinyl, Pop, Oldies, Baroque Pop","Product Description, This the ultimate Beach Boys album. Thirty hits fa vorite songs, the most Beach",Dark Side Of The Moon,B000002U82,"CDs & Vinyl, Rock, Progressive, Progressive Rock","Product description, DARK SIDE OF THE MOON was a benchmark record. It turned the musical world on it",The Best of Anita Baker,B000066RM4,"CDs & Vinyl, R&B, Contemporary R&B",The Best of Anita Baker serves up 18 sensuously soulful songs released on the Beverly Glen and Ele k,Rush Remastered,B000001ES9,"CDs & Vinyl, Today's Deals in Music, Classic Rock, Album-Oriented Rock (AOR), CDs $7 - $10",Features 20-bit digital remastering from the original master tapes and enhanced packaging faithful t,Viva la Vida or Death and All His Friends,B000RPTQ1C,"CDs & Vinyl, Indie & Alternative, Alternative Rock, British Alternative","Product Description, Coldplay Photos, Amazon.com, To say there has been a lot of anticipation for Co",A Bigger Bang       Explicit Lyrics,B000A7Q27I,"CDs & Vinyl, International Music, Europe, Britain & Ireland, Britain","Product Description, A Bigger Bang is an ambitious, wide-ranging collection of hard-hitting, high-po",Jar Of Flies,B0000029F8,"CDs & Vinyl, Metal, Alternative Metal","Product description, No Description AvailableNo Track Information Available, Media Type:, CD, Artist",Cheek to Cheek,B00MU79IL8,"CDs & Vinyl, Universal Music Group",Deluxe edition includes three bonus tracks. The legendary Tony Bennett and superstar Lady Gaga met i
AEWZCLI7JZDLBO3CAPROBBLF7K6Q,Recommend a song for working out or gym with fast melody,10,Sounds of Summer: Very Best of The Beach Boys,B000093BDX,"CDs & Vinyl, Pop, Oldies, Baroque Pop","Product Description, This the ultimate Beach Boys album. Thirty hits fa vorite songs, the most Beach",Encore       Explicit Lyrics,B00065XJ52,"CDs & Vinyl, Rap & Hip-Hop, Gangsta & Hardcore","ENCORE is the new album from Eminem that includes the hot smash singles ""Just Lose It.""",O Holy Night,B00472O3C8,"CDs & Vinyl, Comedy & Spoken Word, Interviews","Jackie Evancho is a 10-year-old soprano prodigy whose performances on ""America's Got Talent"" won the",Very Best Of,B002CGS00C,"CDs & Vinyl, Pop","2009 two CD compilation. Steely Dan have sold more than 30 million albums worldwide, and helped defi",Dark Side Of The Moon,B000002U82,"CDs & Vinyl, Rock, Progressive, Progressive Rock","Product description, DARK SIDE OF THE MOON was a benchmark record. It turned the musical world on it",Oscd Ad Adele 21,B004EBT5CU,"CDs & Vinyl, Pop, Singer-Songwriters","21, is the eagerly awaited sophomore album from British singer-songwriter Adele. It’s the follow up ",Get Rich Or Die Tryin'       Explicit Lyrics,B000084T18,"CDs & Vinyl, Rap & Hip-Hop, East Coast",50 cents debut promises to set the pace for hip-ho p in coming years. The product of his un-relentin,Good News For People Who Love Bad News,B0001M7P78,"CDs & Vinyl, Today's Deals in Music, Alternative Rock, Alternative General, CDs $7 - $10","Product Description, It's hard to pinpoint the exact moment Modest Mouse started sounding like a rea",Get Lifted,B0002X314C,"CDs & Vinyl, R&B, Contemporary R&B",nan,Appetite For Destruction       Explicit Lyrics,B000000OQF,"CDs & Vinyl, Classic Rock, Album-Oriented Rock (AOR)","Product description, Classic hard rocking 1987 album with 'Welcome to the Jungle', 'Sweet Child O Mi"
AF27Z5FG7NHDD6GQBIZ2OPV3NEOQ,Recommend a song for working out or gym with fast melody,10,Sounds of Summer: Very Best of The Beach Boys,B000093BDX,"CDs & Vinyl, Pop, Oldies, Baroque Pop","Product Description, This the ultimate Beach Boys album. Thirty hits fa vorite songs, the most Beach",X&Y,B0006L16N8,"CDs & Vinyl, Indie & Alternative, Alternative Rock, British Alternative, Britpop","Product Description, Coldplay's massively anticipated new album, X&Y, is the follow-up to 2002's 16-",Hold Your Fire Remastered,B000001ESZ,"CDs & Vinyl, Rock, Progressive, Progressive Metal",This re-release features 20-bit digital remastering from the original master tapes and deluxe packag,Wingspan: Hits and History,B00005BA03,"CDs & Vinyl, International Music, Europe, Britain & Ireland, Britain","Product description, CD's have a total of 40 songs. Manufactured by Capitol Records., Amazon.com, Wh",Appetite For Destruction       Explicit Lyrics,B000000OQF,"CDs & Vinyl, Classic Rock, Album-Oriented Rock (AOR)","Product description, Classic hard rocking 1987 album with 'Welcome to the Jungle', 'Sweet Child O Mi",Come Away with Me,B00005YW4H,"CDs & Vinyl, Pop, Singer-Songwriters",nan,Based on a True Story...,B00BEJ5O6Q,"CDs & Vinyl, Country, Today's Country","Based On A True Story..., is the highly anticipated new album from Blake Shelton which features his ",A Bigger Bang       Explicit Lyrics,B000A7Q27I,"CDs & Vinyl, International Music, Europe, Britain & Ireland, Britain","Product Description, A Bigger Bang is an ambitious, wide-ranging collection of hard-hitting, high-po",Justified,B00006JO4Q,"CDs & Vinyl, Pop, Teen Pop","Product description, No Description Available., Genre:, Popular Music, Media Format:, Compact Disk, ",All That You Can't Leave Behind,B00004Z0LW,"CDs & Vinyl, Classic Rock, Album-Oriented Rock (AOR)","""Beautiful Day"" won the 2001 Grammy Awards for Record Of The Year, for Song Of The Year and for Best"
AFRVBTYEHATIEGBALHVTG7RCE2TA,Recommend a song for working out or gym with fast melody,10,Confessions on a Dance Floor,B000B8QEZG,"CDs & Vinyl, Pop, Adult Contemporary","Product Description, On, Confessions of a Dance Floor, , Madonna, the most popular and significant f",Hybrid Theory,B00004Z459,"CDs & Vinyl, Indie & Alternative, Alternative Rock, American Alternative",When the first track from a band's debut album gets added to major rock stations four weeks before i,The Most Relaxing Classical Music in the Universe,B00008RH16,"CDs & Vinyl, Classical, Forms & Genres, Sonatas, Sonatinas",Prepare to drift away on the soothing sound of the eternal classics collected on this 2-CD set.,Dark Side Of The Moon,B000002U82,"CDs & Vinyl, Rock, Progressive, Progressive Rock","Product description, DARK SIDE OF THE MOON was a benchmark record. It turned the musical world on it",The Best of Anita Baker,B000066RM4,"CDs & Vinyl, R&B, Contemporary R&B",The Best of Anita Baker serves up 18 sensuously soulful songs released on the Beverly Glen and Ele k,Very Best Of,B002CGS00C,"CDs & Vinyl, Pop","2009 two CD compilation. Steely Dan have sold more than 30 million albums worldwide, and helped defi",Rush Remastered,B000001ES9,"CDs & Vinyl, Today's Deals in Music, Classic Rock, Album-Oriented Rock (AOR), CDs $7 - $10",Features 20-bit digital remastering from the original master tapes and enhanced packaging faithful t,Viva la Vida or Death and All His Friends,B000RPTQ1C,"CDs & Vinyl, Indie & Alternative, Alternative Rock, British Alternative","Product Description, Coldplay Photos, Amazon.com, To say there has been a lot of anticipation for Co",A Bigger Bang       Explicit Lyrics,B000A7Q27I,"CDs & Vinyl, International Music, Europe, Britain & Ireland, Britain","Product Description, A Bigger Bang is an ambitious, wide-ranging collection of hard-hitting, high-po",Cheek to Cheek,B00MU79IL8,"CDs & Vinyl, Universal Music Group",Deluxe edition includes three bonus tracks. The legendary Tony Bennett and superstar Lady Gaga met i
AH442JBZDHTVHKLQVY4HQWUAJTTQ,Recommend a song for working out or gym with fast melody,10,Meteora,B00008H2LB,"CDs & Vinyl, Indie & Alternative, Alternative Rock, American Alternative","Product Description, Meteora, the follow-up album of the new material to Linkin Park's phenomenal ei",Sounds of Summer: Very Best of The Beach Boys,B000093BDX,"CDs & Vinyl, Pop, Oldies, Baroque Pop","Product Description, This the ultimate Beach Boys album. Thirty hits fa vorite songs, the most Beach",The Best of Anita Baker,B000066RM4,"CDs & Vinyl, R&B, Contemporary R&B",The Best of Anita Baker serves up 18 sensuously soulful songs released on the Beverly Glen and Ele k,Hold Your Fire Remastered,B000001ESZ,"CDs & Vinyl, Rock, Progressive, Progressive Metal",This re-release features 20-bit digital remastering from the original master tapes and deluxe packag,This Is Me...Then,B00006RIO8,"CDs & Vinyl, Today's Deals in Music, Pop, Pop General, CDs $7 - $10","Product description, Between her first and second albums, Jennifer Lopez moved from sharp hip-hop to",Encore       Explicit Lyrics,B00065XJ52,"CDs & Vinyl, Rap & Hip-Hop, Gangsta & Hardcore","ENCORE is the new album from Eminem that includes the hot smash singles ""Just Lose It.""",Dark Side Of The Moon,B000002U82,"CDs & Vinyl, Rock, Progressive, Progressive Rock","Product description, DARK SIDE OF THE MOON was a benchmark record. It turned the musical world on it","Blood, Sweat and Tears Greatest Hits",B00000I7HL,"CDs & Vinyl, Today's Deals in Music, Classic Rock, Album-Oriented Rock (AOR), CDs $7 - $10","The best selling title in the Blood, Sweat & Tears catalog (SoundScans 1,000 units per week) is now ",If I'm Honest,B01EITN5YQ,"CDs & Vinyl, Country, Today's Country","If I'm Honest, is Blake's 10th studio album.  It was again produced by Scott Hendricks, and features",Hotel California,B000002GVO,"CDs & Vinyl, Classic Rock, Album-Oriented Rock (AOR)","Product Description, Given the extraordinary amount of airplay, HOTEL CALIFORNIA, garnered in the mi"
AFDEURZPPJFRNSK7FGOX2BZX6VZQ,Recommend a song for working out or gym with fast melody,10,Meteora,B00008H2LB,"CDs & Vinyl, Indie & Alternative, Alternative Rock, American Alternative","Product Description, Meteora, the follow-up album of the new material to Linkin Park's phenomenal ei",Sounds of Summer: Very Best of The Beach Boys,B000093BDX,"CDs & Vinyl, Pop, Oldies, Baroque Pop","Product Description, This the ultimate Beach Boys album. Thirty hits fa vorite songs, the most Beach",This Is Me...Then,B00006RIO8,"CDs & Vinyl, Today's Deals in Music, Pop, Pop General, CDs $7 - $10","Product description, Between her first and second albums, Jennifer Lopez moved from sharp hip-hop to",Greatest Hits...So Far!!!       Explicit Lyrics,B00454U1NS,"CDs & Vinyl, Pop","Since storming the music scene a decade ago, Pink has acieved mind-boggling success and proven time ",Abba Gold: Greatest Hits,B000001DZO,"CDs & Vinyl, Pop, Euro Pop, Swedish Pop","Product description, Gold (Greatest Hits) CD Polydor, 517 007-2, 1992, 19 Track, Amazon.com, Anyone ",Musicology,B0001XTRCI,"CDs & Vinyl, R&B, Funk","Product description, Carnivore ~ Musicology, Amazon.com, After a decade and a half of only making re",Dark Side Of The Moon,B000002U82,"CDs & Vinyl, Rock, Progressive, Progressive Rock","Product description, DARK SIDE OF THE MOON was a benchmark record. It turned the musical world on it",Rush Remastered,B000001ES9,"CDs & Vinyl, Today's Deals in Music, Classic Rock, Album-Oriented Rock (AOR), CDs $7 - $10",Features 20-bit digital remastering from the original master tapes and enhanced packaging faithful t,Home for Christmas,B00F0O8SZK,"CDs & Vinyl, Holiday & Wedding, Christmas","Singing sensation Susan Boyle returns with a stunning album of her favorite classic Christmas songs,",In The Zone,B0000DD7LB,"CDs & Vinyl, Today's Deals in Music, Dance & DJ, Dance General, CDs $7 - $10","Product Description, Jive Recording artist Britney Spears is set to release her 4th album, In The Zo"
AGVYQDGA44YMCVVJ6INDEFGABOSQ,Recommend a song for working out or gym with fast melody,10,Meteora,B00008H2LB,"CDs & Vinyl, Indie & Alternative, Alternative Rock, American Alternative","Product Description, Meteora, the follow-up album of the new material to Linkin Park's phenomenal ei",Sounds of Summer: Very Best of The Beach Boys,B000093BDX,"CDs & Vinyl, Pop, Oldies, Baroque Pop","Product Description, This the ultimate Beach Boys album. Thirty hits fa vorite songs, the most Beach",Get Rich Or Die Tryin'       Explicit Lyrics,B000084T18,"CDs & Vinyl, Rap & Hip-Hop, East Coast",50 cents debut promises to set the pace for hip-ho p in coming years. The product of his un-relentin,The Breakthrough,B000BNTM32,"CDs & Vinyl, R&B, Contemporary R&B","Product description, No One Will Do About You Father In You 16 Total Tracks, Amazon.com, Nobody know",Very Best Of,B002CGS00C,"CDs & Vinyl, Pop","2009 two CD compilation. Steely Dan have sold more than 30 million albums worldwide, and helped defi",Abba Gold: Greatest Hits,B000001DZO,"CDs & Vinyl, Pop, Euro Pop, Swedish Pop","Product description, Gold (Greatest Hits) CD Polydor, 517 007-2, 1992, 19 Track, Amazon.com, Anyone ",Dark Side Of The Moon,B000002U82,"CDs & Vinyl, Rock, Progressive, Progressive Rock","Product description, DARK SIDE OF THE MOON was a benchmark record. It turned the musical world on it",Viva la Vida or Death and All His Friends,B000RPTQ1C,"CDs & Vinyl, Indie & Alternative, Alternative Rock, British Alternative","Product Description, Coldplay Photos, Amazon.com, To say there has been a lot of anticipation for Co",Get Born,B0000AQVCL,"CDs & Vinyl, Indie & Alternative, Hardcore & Punk, Garage Punk","Product Description, Your rock & roll ship has come in. Or, more rightly, your Jet has landed. This ",Come Away with Me,B00005YW4H,"CDs & Vinyl, Pop, Singer-Songwriters",nan
AGEZJWP7G4NKSFWHANEV7A72HFEA,Recommend a song for working out or gym with fast melody,10,Meteora,B00008H2LB,"CDs & Vinyl, Indie & Alternative, Alternative Rock, American Alternative","Product Description, Meteora, the follow-up album of the new material to Linkin Park's phenomenal ei",The Sweet Escape       Explicit Lyrics,B000JJRIN4,"CDs & Vinyl, Pop, Adult Alternative","Product description, There's nothing like a Gwen Stefani disc to rip you from your pop comfort zone ",Ultimate Manilow,B00005USBH,"CDs & Vinyl, Pop, Oldies, Traditional Pop","Ulimate Manilow, the greatest hits collection from the #1 Adult Contemporary artists of all time. Tr",Very Best Of,B002CGS00C,"CDs & Vinyl, Pop","2009 two CD compilation. Steely Dan have sold more than 30 million albums worldwide, and helped defi",Dark Side Of The Moon,B000002U82,"CDs & Vinyl, Rock, Progressive, Progressive Rock","Product description, DARK SIDE OF THE MOON was a benchmark record. It turned the musical world on it",Musicology,B0001XTRCI,"CDs & Vinyl, R&B, Funk","Product description, Carnivore ~ Musicology, Amazon.com, After a decade and a half of only making re",Cheek to Cheek,B00MU79IL8,"CDs & Vinyl, Universal Music Group",Deluxe edition includes three bonus tracks. The legendary Tony Bennett and superstar Lady Gaga met i,Oscd Ad Adele 21,B004EBT5CU,"CDs & Vinyl, Pop, Singer-Songwriters","21, is the eagerly awaited sophomore album from British singer-songwriter Adele. It’s the follow up ",In The Zone,B0000DD7LB,"CDs & Vinyl, Today's Deals in Music, Dance & DJ, Dance General, CDs $7 - $10","Product Description, Jive Recording artist Britney Spears is set to release her 4th album, In The Zo",All That You Can't Leave Behind,B00004Z0LW,"CDs & Vinyl, Classic Rock, Album-Oriented Rock (AOR)","""Beautiful Day"" won the 2001 Grammy Awards for Record Of The Year, for Song Of The Year and for Best"
AFTEIVX4NCDKLDYNVDX3HGMUVSPQ,Recommend a song for working out or gym with fast melody,10,Meteora,B00008H2LB,"CDs & Vinyl, Indie & Alternative, Alternative Rock, American Alternative","Product Description, Meteora, the follow-up album of the new material to Linkin Park's phenomenal ei",Dance With My Father,B000099J41,"CDs & Vinyl, Today's Deals in Music, R&B, Quiet Storm, CDs $7 - $10",Rome ~ Dance With My Father,Get Rich Or Die Tryin'       Explicit Lyrics,B000084T18,"CDs & Vinyl, Rap & Hip-Hop, East Coast",50 cents debut promises to set the pace for hip-ho p in coming years. The product of his un-relentin,Greatest Hits...So Far!!!       Explicit Lyrics,B00454U1NS,"CDs & Vinyl, Pop","Since storming the music scene a decade ago, Pink has acieved mind-boggling success and proven time ",Gladiator,B00004STPT,"CDs & Vinyl, Soundtracks, Movie Scores","Product description, No Description AvailableNo Track Information Available, Media Type:, CD, Artist",Encore       Explicit Lyrics,B00065XJ52,"CDs & Vinyl, Rap & Hip-Hop, Gangsta & Hardcore","ENCORE is the new album from Eminem that includes the hot smash singles ""Just Lose It.""",The Breakthrough,B000BNTM32,"CDs & Vinyl, R&B, Contemporary R&B","Product description, No One Will Do About You Father In You 16 Total Tracks, Amazon.com, Nobody know",Dark Side Of The Moon,B000002U82,"CDs & Vinyl, Rock, Progressive, Progressive Rock","Product description, DARK SIDE OF THE MOON was a benchmark record. It turned the musical world on it",Wonders,B00MJLOAD6,"CDs & Vinyl, Classical, Chamber Music",2014 deluxe edition album from the remarkable classical/pop crossover music stylists It features pop,G.O.A.T. Greatest Of All Time       Explicit Lyrics,B00004XROY,"CDs & Vinyl, Rap & Hip-Hop, East Coast","Product Description, Almost from the start of his career, LL Cool J has simultaneously been kicking "
AECOVGZMYF5SYW2WBE4WME3OU5RQ,Recommend a song for working out or gym with fast melody,10,Meteora,B00008H2LB,"CDs & Vinyl, Indie & Alternative, Alternative Rock, American Alternative","Product Description, Meteora, the follow-up album of the new material to Linkin Park's phenomenal ei",The Sweet Escape       Explicit Lyrics,B000JJRIN4,"CDs & Vinyl, Pop, Adult Alternative","Product description, There's nothing like a Gwen Stefani disc to rip you from your pop comfort zone ",Ultimate Manilow,B00005USBH,"CDs & Vinyl, Pop, Oldies, Traditional Pop","Ulimate Manilow, the greatest hits collection from the #1 Adult Contemporary artists of all time. Tr",Very Best Of,B002CGS00C,"CDs & Vinyl, Pop","2009 two CD compilation. Steely Dan have sold more than 30 million albums worldwide, and helped defi",Dark Side Of The Moon,B000002U82,"CDs & Vinyl, Rock, Progressive, Progressive Rock","Product description, DARK SIDE OF THE MOON was a benchmark record. It turned the musical world on it",19,B0018QOIXU,"CDs & Vinyl, Pop, Adult Alternative",19 is the Grammy Award-winning debut album from British singer/songwriter Adele. Citing influences a,Elton John: Madman Across the Water,B000001EGC,"CDs & Vinyl, Today's Deals in Music, Classic Rock, Album-Oriented Rock (AOR), CDs $7 - $10","Product Description, This newly remastered reissue of one of Elton's classic LPs features complete p",Cheek to Cheek,B00MU79IL8,"CDs & Vinyl, Universal Music Group",Deluxe edition includes three bonus tracks. The legendary Tony Bennett and superstar Lady Gaga met i,Enema Of The State       Explicit Lyrics,B00000IPAX,"CDs & Vinyl, Indie & Alternative, Hardcore & Punk, Punk",nan,Wingspan: Hits and History,B00005BA03,"CDs & Vinyl, International Music, Europe, Britain & Ireland, Britain","Product description, CD's have a total of 40 songs. Manufactured by Capitol Records., Amazon.com, Wh"
AFW6UDPVD7VJMBL3ZJEXW7KVRXQA,Recommend a song for working out or gym with fast melody,10,Meteora,B00008H2LB,"CDs & Vinyl, Indie & Alternative, Alternative Rock, American Alternative","Product Description, Meteora, the follow-up album of the new material to Linkin Park's phenomenal ei",The Best of Anita Baker,B000066RM4,"CDs & Vinyl, R&B, Contemporary R&B",The Best of Anita Baker serves up 18 sensuously soulful songs released on the Beverly Glen and Ele k,Ashanti       Explicit Lyrics,B000063UMO,"CDs & Vinyl, R&B, Contemporary R&B","Product Description, She Has Worked with Some of the Biggest Names in Pop: Ja Rule, Big Pun, J-lo, F",Earth Wind & Fire Greatest Hits,B00000FC5H,"CDs & Vinyl, R&B, Funk","Product Description, For the first time ever-all of their biggest hits on a single CD! Seven of thes",Encore       Explicit Lyrics,B00065XJ52,"CDs & Vinyl, Rap & Hip-Hop, Gangsta & Hardcore","ENCORE is the new album from Eminem that includes the hot smash singles ""Just Lose It.""",Dark Side Of The Moon,B000002U82,"CDs & Vinyl, Rock, Progressive, Progressive Rock","Product description, DARK SIDE OF THE MOON was a benchmark record. It turned the musical world on it",Rush Remastered,B000001ES9,"CDs & Vinyl, Today's Deals in Music, Classic Rock, Album-Oriented Rock (AOR), CDs $7 - $10",Features 20-bit digital remastering from the original master tapes and enhanced packaging faithful t,Cheek to Cheek,B00MU79IL8,"CDs & Vinyl, Universal Music Group",Deluxe edition includes three bonus tracks. The legendary Tony Bennett and superstar Lady Gaga met i,Get Lifted,B0002X314C,"CDs & Vinyl, R&B, Contemporary R&B",nan,Sgt. Pepper's Lonely Hearts Club Band,B000002UAU,"CDs & Vinyl, Classic Rock, British Invasion","Product description, Beatles - Sgt Peppers Lonely Hearts Club Band - CD, Amazon.com, Before, Sgt. Pe"
AFK7JFDAENE3JVALH7M7E3YIIY2Q,Recommend a song for working out or gym with fast melody,10,Best of S.O.S. Band,B004D2GMSK,"CDs & Vinyl, R&B, Soul","Features the SOS Band's super-sized hits ""Take Your Time (Do It Right)"" and ""Just Be Good To Me"". Th",Getting Away With Murder,B0002TLJEK,"CDs & Vinyl, Metal, Alternative Metal","Papa Roach,, Getting Away with Murder",In The Zone,B0000DD7LB,"CDs & Vinyl, Today's Deals in Music, Dance & DJ, Dance General, CDs $7 - $10","Product Description, Jive Recording artist Britney Spears is set to release her 4th album, In The Zo",I Am Love,B00N9JCBCO,"CDs & Vinyl, Pop",Digitally remastered edition of this 1981 album from the Soul vocalist. I AM LOVE opens with the tit,Lennon Legend: The Very Best of John Lennon,B00000634J,"CDs & Vinyl, Classic Rock, Album-Oriented Rock (AOR)","Product Description, Imagine a place where the personal, political, and emotional elements of John L",Dark Side Of The Moon,B000002U82,"CDs & Vinyl, Rock, Progressive, Progressive Rock","Product description, DARK SIDE OF THE MOON was a benchmark record. It turned the musical world on it",The Very Best of the Spinners,B0000032ZU,"CDs & Vinyl, R&B, Soul, Philly Soul","Contains all of their classic Atlantic hits and more, including eight Top 20 pop smashes!",Lb - Crash My Party,B00DJYK4VE,"CDs & Vinyl, Country","CRASH MY PARTY is the follow-up to Luke's most successful album to date TAILGATES & TANLINES, which ",Piece Of Mind,B000063DFQ,"CDs & Vinyl, Indie & Alternative, New Wave & Post-Punk, New Wave",nan,A Bigger Bang       Explicit Lyrics,B000A7Q27I,"CDs & Vinyl, International Music, Europe, Britain & Ireland, Britain","Product Description, A Bigger Bang is an ambitious, wide-ranging collection of hard-hitting, high-po"
AFEKIT227XRJWDOUNLXAXCCY7F3A,Recommend a song for working out or gym with fast melody,10,Confessions on a Dance Floor,B000B8QEZG,"CDs & Vinyl, Pop, Adult Contemporary","Product Description, On, Confessions of a Dance Floor, , Madonna, the most popular and significant f",Hybrid Theory,B00004Z459,"CDs & Vinyl, Indie & Alternative, Alternative Rock, American Alternative",When the first track from a band's debut album gets added to major rock stations four weeks before i,Sounds of Summer: Very Best of The Beach Boys,B000093BDX,"CDs & Vinyl, Pop, Oldies, Baroque Pop","Product Description, This the ultimate Beach Boys album. Thirty hits fa vorite songs, the most Beach",Get Rich Or Die Tryin'       Explicit Lyrics,B000084T18,"CDs & Vinyl, Rap & Hip-Hop, East Coast",50 cents debut promises to set the pace for hip-ho p in coming years. The product of his un-relentin,Dark Side Of The Moon,B000002U82,"CDs & Vinyl, Rock, Progressive, Progressive Rock","Product description, DARK SIDE OF THE MOON was a benchmark record. It turned the musical world on it",Forty Licks,B00006IR69,"CDs & Vinyl, Classic Rock, Album-Oriented Rock (AOR)","Product description, 2CD set. Digitally remastered! Career-spanning, 40-track compile of classics., ",Wingspan: Hits and History,B00005BA03,"CDs & Vinyl, International Music, Europe, Britain & Ireland, Britain","Product description, CD's have a total of 40 songs. Manufactured by Capitol Records., Amazon.com, Wh",Precious Memories Collection,B01MD041XX,"CDs & Vinyl, Country","The two disc collection features Precious Memories, Precious Memories Volume II, as well as, two pre",Get Born,B0000AQVCL,"CDs & Vinyl, Indie & Alternative, Hardcore & Punk, Garage Punk","Product Description, Your rock & roll ship has come in. Or, more rightly, your Jet has landed. This ",Oscd Ad Adele 21,B004EBT5CU,"CDs & Vinyl, Pop, Singer-Songwriters","21, is the eagerly awaited sophomore album from British singer-songwriter Adele. It’s the follow up "
AGPELQMJAQ5I4Y2OFBLJTW5MF7QA,Recommend a song for working out or gym with fast melody,10,The Very Best of the Spinners,B0000032ZU,"CDs & Vinyl, R&B, Soul, Philly Soul","Contains all of their classic Atlantic hits and more, including eight Top 20 pop smashes!",In The Zone,B0000DD7LB,"CDs & Vinyl, Today's Deals in Music, Dance & DJ, Dance General, CDs $7 - $10","Product Description, Jive Recording artist Britney Spears is set to release her 4th album, In The Zo",A Bigger Bang       Explicit Lyrics,B000A7Q27I,"CDs & Vinyl, International Music, Europe, Britain & Ireland, Britain","Product Description, A Bigger Bang is an ambitious, wide-ranging collection of hard-hitting, high-po",Dark Side Of The Moon,B000002U82,"CDs & Vinyl, Rock, Progressive, Progressive Rock","Product description, DARK SIDE OF THE MOON was a benchmark record. It turned the musical world on it",Very Best Of,B002CGS00C,"CDs & Vinyl, Pop","2009 two CD compilation. Steely Dan have sold more than 30 million albums worldwide, and helped defi",In The Lonely Hour,B00H3GZMIE,"CDs & Vinyl, Pop, Singer-Songwriters","Product Description, Between smashing it on guest vocal performances, Sam was crafting his own uniqu",Cheek to Cheek,B00MU79IL8,"CDs & Vinyl, Universal Music Group",Deluxe edition includes three bonus tracks. The legendary Tony Bennett and superstar Lady Gaga met i,Enema Of The State       Explicit Lyrics,B00000IPAX,"CDs & Vinyl, Indie & Alternative, Hardcore & Punk, Punk",nan,Piece Of Mind,B000063DFQ,"CDs & Vinyl, Indie & Alternative, New Wave & Post-Punk, New Wave",nan,19,B0018QOIXU,"CDs & Vinyl, Pop, Adult Alternative",19 is the Grammy Award-winning debut album from British singer/songwriter Adele. Citing influences a
AGPTKEC7MMEQFFLKEZKHB7RVWMZQ,Recommend a song for working out or gym with fast melody,10,Meteora,B00008H2LB,"CDs & Vinyl, Indie & Alternative, Alternative Rock, American Alternative","Product Description, Meteora, the follow-up album of the new material to Linkin Park's phenomenal ei",This Is Me...Then,B00006RIO8,"CDs & Vinyl, Today's Deals in Music, Pop, Pop General, CDs $7 - $10","Product description, Between her first and second albums, Jennifer Lopez moved from sharp hip-hop to",Street Talk,B0054YH3VQ,"CDs & Vinyl, Pop, Soft Rock",CD,Nathaniel Rateliff & The Night Sweats,B00ZW048DI,"CDs & Vinyl, Rock","Nathaniel Rateliff & The Night Sweats practically explode with deep, primal and ecstatic soulfulness",Earth Wind & Fire Greatest Hits,B00000FC5H,"CDs & Vinyl, R&B, Funk","Product Description, For the first time ever-all of their biggest hits on a single CD! Seven of thes",Encore       Explicit Lyrics,B00065XJ52,"CDs & Vinyl, Rap & Hip-Hop, Gangsta & Hardcore","ENCORE is the new album from Eminem that includes the hot smash singles ""Just Lose It.""",Dark Side Of The Moon,B000002U82,"CDs & Vinyl, Rock, Progressive, Progressive Rock","Product description, DARK SIDE OF THE MOON was a benchmark record. It turned the musical world on it",The Breakthrough,B000BNTM32,"CDs & Vinyl, R&B, Contemporary R&B","Product description, No One Will Do About You Father In You 16 Total Tracks, Amazon.com, Nobody know",Hotel California,B000002GVO,"CDs & Vinyl, Classic Rock, Album-Oriented Rock (AOR)","Product Description, Given the extraordinary amount of airplay, HOTEL CALIFORNIA, garnered in the mi",In The Zone,B0000DD7LB,"CDs & Vinyl, Today's Deals in Music, Dance & DJ, Dance General, CDs $7 - $10","Product Description, Jive Recording artist Britney Spears is set to release her 4th album, In The Zo"
AEHQJSUQVCD36L4BFAOYLH7YDCEA,Recommend a song for working out or gym with fast melody,10,Gold,B000929AFU,"CDs & Vinyl, Pop, Oldies, Girl Groups","This collection features such as ""I'm Gonna Make Love to You,"" ""Where Did Our Love Go,"" ""I'm Gonna L",Hybrid Theory,B00004Z459,"CDs & Vinyl, Indie & Alternative, Alternative Rock, American Alternative",When the first track from a band's debut album gets added to major rock stations four weeks before i,Sounds of Summer: Very Best of The Beach Boys,B000093BDX,"CDs & Vinyl, Pop, Oldies, Baroque Pop","Product Description, This the ultimate Beach Boys album. Thirty hits fa vorite songs, the most Beach",Ultimate Manilow,B00005USBH,"CDs & Vinyl, Pop, Oldies, Traditional Pop","Ulimate Manilow, the greatest hits collection from the #1 Adult Contemporary artists of all time. Tr",Dark Side Of The Moon,B000002U82,"CDs & Vinyl, Rock, Progressive, Progressive Rock","Product description, DARK SIDE OF THE MOON was a benchmark record. It turned the musical world on it",Wingspan: Hits and History,B00005BA03,"CDs & Vinyl, International Music, Europe, Britain & Ireland, Britain","Product description, CD's have a total of 40 songs. Manufactured by Capitol Records., Amazon.com, Wh",Kind Of Blue,B000002ADT,"CDs & Vinyl, Today's Deals in Music, Jazz, Jazz General, CDs $7 - $10","Product Description, Well, if you're going to revamp your jazz catalog, you might as well start with",If I'm Honest,B01EITN5YQ,"CDs & Vinyl, Country, Today's Country","If I'm Honest, is Blake's 10th studio album.  It was again produced by Scott Hendricks, and features",Oscd Ad Adele 21,B004EBT5CU,"CDs & Vinyl, Pop, Singer-Songwriters","21, is the eagerly awaited sophomore album from British singer-songwriter Adele. It’s the follow up ",Two Against Nature,B00004GOXS,"CDs & Vinyl, Classic Rock, Album-Oriented Rock (AOR)","Product Description, The release of Two Against Nature is a major musical event. The two are Donald "
AEDPZCXT6QVHAX5N7ZGXOKDQP6AA,Recommend a song for working out or gym with fast melody,10,Hybrid Theory,B00004Z459,"CDs & Vinyl, Indie & Alternative, Alternative Rock, American Alternative",When the first track from a band's debut album gets added to major rock stations four weeks before i,O Holy Night,B00472O3C8,"CDs & Vinyl, Comedy & Spoken Word, Interviews","Jackie Evancho is a 10-year-old soprano prodigy whose performances on ""America's Got Talent"" won the",B'Day,B000H0MKGA,"CDs & Vinyl, Today's Deals in Music, Dance & DJ, Dance General, CDs $7 - $10","Product description, Beyonce ~ B'Day, Amazon.com, History may prove Beyoncé's, B'Day, to be a rare d",Sgt. Pepper's Lonely Hearts Club Band Super Deluxe,B06WGVMLJY,"CDs & Vinyl, Pop","Includes a 28-page booklet with rare photos, notes on the recording sessions and lyrics. The Beatles",Wide Awake In America,B000001FTQ,"CDs & Vinyl, Indie & Alternative, New Wave & Post-Punk, Post-Punk",nan,Dark Side Of The Moon,B000002U82,"CDs & Vinyl, Rock, Progressive, Progressive Rock","Product description, DARK SIDE OF THE MOON was a benchmark record. It turned the musical world on it",Very Best Of,B002CGS00C,"CDs & Vinyl, Pop","2009 two CD compilation. Steely Dan have sold more than 30 million albums worldwide, and helped defi",Greatest Hits,B002OFWG7E,"CDs & Vinyl, Indie & Alternative, Alternative Rock, American Alternative","2009 collection from Dave Grohl and the Foo's including two brand new tracks, 'Wheels' and 'Word For",Come Away with Me,B00005YW4H,"CDs & Vinyl, Pop, Singer-Songwriters",nan,St. Anger       Explicit Lyrics,B00008OWZG,"CDs & Vinyl, Metal, Pop Metal","Product Description, This CD package includes a special live DVD. The performance, filmed and record"
AEXQE3Y3SONDAGXG552FQRER7Z6A,Recommend a song for working out or gym with fast melody,10,FIREPOWER,B078SKX6ZV,"CDs & Vinyl, Pop","2018 release, the 18th album from the legendary British heavy metal band. Firepower is something the",Get Rich Or Die Tryin'       Explicit Lyrics,B000084T18,"CDs & Vinyl, Rap & Hip-Hop, East Coast",50 cents debut promises to set the pace for hip-ho p in coming years. The product of his un-relentin,In The Zone,B0000DD7LB,"CDs & Vinyl, Today's Deals in Music, Dance & DJ, Dance General, CDs $7 - $10","Product Description, Jive Recording artist Britney Spears is set to release her 4th album, In The Zo",Dark Side Of The Moon,B000002U82,"CDs & Vinyl, Rock, Progressive, Progressive Rock","Product description, DARK SIDE OF THE MOON was a benchmark record. It turned the musical world on it",Lovesexy,B000002LE6,"CDs & Vinyl, Today's Deals in Music, R&B, R&B General, CDs $7 - $10","Personnel: Prince (vocals, various instruments); Cat (vocals); Miko (guitars, background vocals); Er",In The Lonely Hour,B00H3GZMIE,"CDs & Vinyl, Pop, Singer-Songwriters","Product Description, Between smashing it on guest vocal performances, Sam was crafting his own uniqu",Very Best Of,B002CGS00C,"CDs & Vinyl, Pop","2009 two CD compilation. Steely Dan have sold more than 30 million albums worldwide, and helped defi",How I Do,B00005LB1H,"CDs & Vinyl, R&B, Soul","Product description, Res ~ How I Do, Amazon.com, A musical sorority sister of, Alicia Keys, and, Ang",Cheek to Cheek,B00MU79IL8,"CDs & Vinyl, Universal Music Group",Deluxe edition includes three bonus tracks. The legendary Tony Bennett and superstar Lady Gaga met i,20th Century Masters: The Millennium Collection - The Best of Lesley Gore,B00004YLPY,"CDs & Vinyl, Pop, Oldies, Girl Groups","Tracks: ""You Don't Own Me,"" ""It's My Party,"" ""Sunshine, Lolipops & Rainbows,"" ""That's the Way Boys A"
AFK2PHHHQCTLJ7R636Q4WSS7FPEA,Recommend a song for working out or gym with fast melody,10,Confessions on a Dance Floor,B000B8QEZG,"CDs & Vinyl, Pop, Adult Contemporary","Product Description, On, Confessions of a Dance Floor, , Madonna, the most popular and significant f",Get Born,B0000AQVCL,"CDs & Vinyl, Indie & Alternative, Hardcore & Punk, Garage Punk","Product Description, Your rock & roll ship has come in. Or, more rightly, your Jet has landed. This ",Dark Side Of The Moon,B000002U82,"CDs & Vinyl, Rock, Progressive, Progressive Rock","Product description, DARK SIDE OF THE MOON was a benchmark record. It turned the musical world on it",The Best Of One Way,B000002P0M,"CDs & Vinyl, R&B, Funk","From 1976 to 1987, first as Al Hudson & the Soul Partners, then One Way (with Alicia Myers going sol",No Strings Attached,B00004NRPZ,"CDs & Vinyl, Pop, Adult Contemporary","Product description, No Description Available., Genre:, Popular Music, Media Format:, Compact Disk, ",Very Best Of,B002CGS00C,"CDs & Vinyl, Pop","2009 two CD compilation. Steely Dan have sold more than 30 million albums worldwide, and helped defi",Oscd Ad Adele 21,B004EBT5CU,"CDs & Vinyl, Pop, Singer-Songwriters","21, is the eagerly awaited sophomore album from British singer-songwriter Adele. It’s the follow up ",Piece Of Mind,B000063DFQ,"CDs & Vinyl, Indie & Alternative, New Wave & Post-Punk, New Wave",nan,Love. Angel. Music. Baby.,B00064AEJW,"CDs & Vinyl, Pop, Adult Alternative","Product Description, In her own unique way, Gwen Stefani has managed to shift our culture since comi",In The Zone,B0000DD7LB,"CDs & Vinyl, Today's Deals in Music, Dance & DJ, Dance General, CDs $7 - $10","Product Description, Jive Recording artist Britney Spears is set to release her 4th album, In The Zo"
AGRVRSNGLIQ73EPJAEKQB7SXZS5Q,Recommend a song for working out or gym with fast melody,10,Hybrid Theory,B00004Z459,"CDs & Vinyl, Indie & Alternative, Alternative Rock, American Alternative",When the first track from a band's debut album gets added to major rock stations four weeks before i,Ultimate Manilow,B00005USBH,"CDs & Vinyl, Pop, Oldies, Traditional Pop","Ulimate Manilow, the greatest hits collection from the #1 Adult Contemporary artists of all time. Tr",Cheek to Cheek,B00MU79IL8,"CDs & Vinyl, Universal Music Group",Deluxe edition includes three bonus tracks. The legendary Tony Bennett and superstar Lady Gaga met i,Encore       Explicit Lyrics,B00065XJ52,"CDs & Vinyl, Rap & Hip-Hop, Gangsta & Hardcore","ENCORE is the new album from Eminem that includes the hot smash singles ""Just Lose It.""",Earth Wind & Fire Greatest Hits,B00000FC5H,"CDs & Vinyl, R&B, Funk","Product Description, For the first time ever-all of their biggest hits on a single CD! Seven of thes",Kind Of Blue,B000002ADT,"CDs & Vinyl, Today's Deals in Music, Jazz, Jazz General, CDs $7 - $10","Product Description, Well, if you're going to revamp your jazz catalog, you might as well start with",19,B0018QOIXU,"CDs & Vinyl, Pop, Adult Alternative",19 is the Grammy Award-winning debut album from British singer/songwriter Adele. Citing influences a,Dark Side Of The Moon,B000002U82,"CDs & Vinyl, Rock, Progressive, Progressive Rock","Product description, DARK SIDE OF THE MOON was a benchmark record. It turned the musical world on it",Sgt. Pepper's Lonely Hearts Club Band Super Deluxe,B06WGVMLJY,"CDs & Vinyl, Pop","Includes a 28-page booklet with rare photos, notes on the recording sessions and lyrics. The Beatles",Bleed Like Me       Explicit Lyrics,B0007Y8A06,"CDs & Vinyl, Pop, Dance Pop","Product description, New. Factory sealed. Does have tiny drill hole thru UPC. Fast shipping from a 5"
AGQ7WAN5LV56TC5N4ZDOT634HFHA,Recommend a song for working out or gym with fast melody,10,Meteora,B00008H2LB,"CDs & Vinyl, Indie & Alternative, Alternative Rock, American Alternative","Product Description, Meteora, the follow-up album of the new material to Linkin Park's phenomenal ei",O Holy Night,B00472O3C8,"CDs & Vinyl, Comedy & Spoken Word, Interviews","Jackie Evancho is a 10-year-old soprano prodigy whose performances on ""America's Got Talent"" won the",Get Rich Or Die Tryin'       Explicit Lyrics,B000084T18,"CDs & Vinyl, Rap & Hip-Hop, East Coast",50 cents debut promises to set the pace for hip-ho p in coming years. The product of his un-relentin,In The Zone,B0000DD7LB,"CDs & Vinyl, Today's Deals in Music, Dance & DJ, Dance General, CDs $7 - $10","Product Description, Jive Recording artist Britney Spears is set to release her 4th album, In The Zo",Earth Wind & Fire Greatest Hits,B00000FC5H,"CDs & Vinyl, R&B, Funk","Product Description, For the first time ever-all of their biggest hits on a single CD! Seven of thes",Musicology,B0001XTRCI,"CDs & Vinyl, R&B, Funk","Product description, Carnivore ~ Musicology, Amazon.com, After a decade and a half of only making re",Encore       Explicit Lyrics,B00065XJ52,"CDs & Vinyl, Rap & Hip-Hop, Gangsta & Hardcore","ENCORE is the new album from Eminem that includes the hot smash singles ""Just Lose It.""",Dark Side Of The Moon,B000002U82,"CDs & Vinyl, Rock, Progressive, Progressive Rock","Product description, DARK SIDE OF THE MOON was a benchmark record. It turned the musical world on it",El Loco,B000002KMP,"CDs & Vinyl, Classic Rock, Album-Oriented Rock (AOR)",nan,Hotel California,B000002GVO,"CDs & Vinyl, Classic Rock, Album-Oriented Rock (AOR)","Product Description, Given the extraordinary amount of airplay, HOTEL CALIFORNIA, garnered in the mi"
AEQ4QIQ6XP5C3KOBRXRH7KV2KQPQ,Recommend a song for working out or gym with fast melody,10,Meteora,B00008H2LB,"CDs & Vinyl, Indie & Alternative, Alternative Rock, American Alternative","Product Description, Meteora, the follow-up album of the new material to Linkin Park's phenomenal ei",Sounds of Summer: Very Best of The Beach Boys,B000093BDX,"CDs & Vinyl, Pop, Oldies, Baroque Pop","Product Description, This the ultimate Beach Boys album. Thirty hits fa vorite songs, the most Beach",Confessions on a Dance Floor,B000B8QEZG,"CDs & Vinyl, Pop, Adult Contemporary","Product Description, On, Confessions of a Dance Floor, , Madonna, the most popular and significant f",FIREPOWER,B078SKX6ZV,"CDs & Vinyl, Pop","2018 release, the 18th album from the legendary British heavy metal band. Firepower is something the",No Strings Attached,B00004NRPZ,"CDs & Vinyl, Pop, Adult Contemporary","Product description, No Description Available., Genre:, Popular Music, Media Format:, Compact Disk, ",Rush Remastered,B000001ES9,"CDs & Vinyl, Today's Deals in Music, Classic Rock, Album-Oriented Rock (AOR), CDs $7 - $10",Features 20-bit digital remastering from the original master tapes and enhanced packaging faithful t,A Bigger Bang       Explicit Lyrics,B000A7Q27I,"CDs & Vinyl, International Music, Europe, Britain & Ireland, Britain","Product Description, A Bigger Bang is an ambitious, wide-ranging collection of hard-hitting, high-po",The Slim Shady       explicit_lyrics,B00000I5JQ,"CDs & Vinyl, Rap & Hip-Hop, Gangsta & Hardcore","Product Description, NEED REF, Amazon.com, On, The Slim Shady LP, , Eminem wants it all. He's confli",This Is Me...Then,B00006RIO8,"CDs & Vinyl, Today's Deals in Music, Pop, Pop General, CDs $7 - $10","Product description, Between her first and second albums, Jennifer Lopez moved from sharp hip-hop to",Enema Of The State       Explicit Lyrics,B00000IPAX,"CDs & Vinyl, Indie & Alternative, Hardcore & Punk, Punk",nan
AG33UREHPV7ACDJ5TTBPBMDT2FIQ,Recommend a song for working out or gym with fast melody,10,Meteora,B00008H2LB,"CDs & Vinyl, Indie & Alternative, Alternative Rock, American Alternative","Product Description, Meteora, the follow-up album of the new material to Linkin Park's phenomenal ei",This Is Me...Then,B00006RIO8,"CDs & Vinyl, Today's Deals in Music, Pop, Pop General, CDs $7 - $10","Product description, Between her first and second albums, Jennifer Lopez moved from sharp hip-hop to",Very Best Of,B002CGS00C,"CDs & Vinyl, Pop","2009 two CD compilation. Steely Dan have sold more than 30 million albums worldwide, and helped defi",FIREPOWER,B078SKX6ZV,"CDs & Vinyl, Pop","2018 release, the 18th album from the legendary British heavy metal band. Firepower is something the",Encore       Explicit Lyrics,B00065XJ52,"CDs & Vinyl, Rap & Hip-Hop, Gangsta & Hardcore","ENCORE is the new album from Eminem that includes the hot smash singles ""Just Lose It.""",Dark Side Of The Moon,B000002U82,"CDs & Vinyl, Rock, Progressive, Progressive Rock","Product description, DARK SIDE OF THE MOON was a benchmark record. It turned the musical world on it",A Bigger Bang       Explicit Lyrics,B000A7Q27I,"CDs & Vinyl, International Music, Europe, Britain & Ireland, Britain","Product Description, A Bigger Bang is an ambitious, wide-ranging collection of hard-hitting, high-po",Get Lifted,B0002X314C,"CDs & Vinyl, R&B, Contemporary R&B",nan,How I Do,B00005LB1H,"CDs & Vinyl, R&B, Soul","Product description, Res ~ How I Do, Amazon.com, A musical sorority sister of, Alicia Keys, and, Ang",In The Zone,B0000DD7LB,"CDs & Vinyl, Today's Deals in Music, Dance & DJ, Dance General, CDs $7 - $10","Product Description, Jive Recording artist Britney Spears is set to release her 4th album, In The Zo"
AHBODEGRMSBEEEDPOOT6MRHJWD6A,Recommend a song for working out or gym with fast melody,10,Hybrid Theory,B00004Z459,"CDs & Vinyl, Indie & Alternative, Alternative Rock, American Alternative",When the first track from a band's debut album gets added to major rock stations four weeks before i,Ultimate Manilow,B00005USBH,"CDs & Vinyl, Pop, Oldies, Traditional Pop","Ulimate Manilow, the greatest hits collection from the #1 Adult Contemporary artists of all time. Tr",Ashanti       Explicit Lyrics,B000063UMO,"CDs & Vinyl, R&B, Contemporary R&B","Product Description, She Has Worked with Some of the Biggest Names in Pop: Ja Rule, Big Pun, J-lo, F",Greatest Hits 1974-78,B000002U98,"CDs & Vinyl, Classic Rock, Album-Oriented Rock (AOR)","Product Description, The Joker; Fly Like an Eagle; Jet Airliner; Jungle Love; Take the Money and Run",The Most Relaxing Classical Music in the Universe,B00008RH16,"CDs & Vinyl, Classical, Forms & Genres, Sonatas, Sonatinas",Prepare to drift away on the soothing sound of the eternal classics collected on this 2-CD set.,Sgt. Pepper's Lonely Hearts Club Band,B000002UAU,"CDs & Vinyl, Classic Rock, British Invasion","Product description, Beatles - Sgt Peppers Lonely Hearts Club Band - CD, Amazon.com, Before, Sgt. Pe",Rush Remastered,B000001ES9,"CDs & Vinyl, Today's Deals in Music, Classic Rock, Album-Oriented Rock (AOR), CDs $7 - $10",Features 20-bit digital remastering from the original master tapes and enhanced packaging faithful t,The Best of Anita Baker,B000066RM4,"CDs & Vinyl, R&B, Contemporary R&B",The Best of Anita Baker serves up 18 sensuously soulful songs released on the Beverly Glen and Ele k,Viva la Vida or Death and All His Friends,B000RPTQ1C,"CDs & Vinyl, Indie & Alternative, Alternative Rock, British Alternative","Product Description, Coldplay Photos, Amazon.com, To say there has been a lot of anticipation for Co",Jar Of Flies,B0000029F8,"CDs & Vinyl, Metal, Alternative Metal","Product description, No Description AvailableNo Track Information Available, Media Type:, CD, Artist"
AHKZK4HPKEHB7I5YCA25PRWRHUBQ,Recommend a song for working out or gym with fast melody,10,Sounds of Summer: Very Best of The Beach Boys,B000093BDX,"CDs & Vinyl, Pop, Oldies, Baroque Pop","Product Description, This the ultimate Beach Boys album. Thirty hits fa vorite songs, the most Beach",In The Zone,B0000DD7LB,"CDs & Vinyl, Today's Deals in Music, Dance & DJ, Dance General, CDs $7 - $10","Product Description, Jive Recording artist Britney Spears is set to release her 4th album, In The Zo",A Bigger Bang       Explicit Lyrics,B000A7Q27I,"CDs & Vinyl, International Music, Europe, Britain & Ireland, Britain","Product Description, A Bigger Bang is an ambitious, wide-ranging collection of hard-hitting, high-po",Abba Gold: Greatest Hits,B000001DZO,"CDs & Vinyl, Pop, Euro Pop, Swedish Pop","Product description, Gold (Greatest Hits) CD Polydor, 517 007-2, 1992, 19 Track, Amazon.com, Anyone ",Viva la Vida or Death and All His Friends,B000RPTQ1C,"CDs & Vinyl, Indie & Alternative, Alternative Rock, British Alternative","Product Description, Coldplay Photos, Amazon.com, To say there has been a lot of anticipation for Co",Wingspan: Hits and History,B00005BA03,"CDs & Vinyl, International Music, Europe, Britain & Ireland, Britain","Product description, CD's have a total of 40 songs. Manufactured by Capitol Records., Amazon.com, Wh",Two Against Nature,B00004GOXS,"CDs & Vinyl, Classic Rock, Album-Oriented Rock (AOR)","Product Description, The release of Two Against Nature is a major musical event. The two are Donald ",Come Away with Me,B00005YW4H,"CDs & Vinyl, Pop, Singer-Songwriters",nan,10.000 Days,B000EULJLU,"CDs & Vinyl, Rock, Progressive, Progressive Metal","Product Description, After five long years, the new studio album from Tool, 10,000 DAYS, is ready to",All That You Can't Leave Behind,B00004Z0LW,"CDs & Vinyl, Classic Rock, Album-Oriented Rock (AOR)","""Beautiful Day"" won the 2001 Grammy Awards for Record Of The Year, for Song Of The Year and for Best"
AEEULWFCYQQZ2W6NKNVIG4XW2LNA,Recommend a song for working out or gym with fast melody,10,Confessions on a Dance Floor,B000B8QEZG,"CDs & Vinyl, Pop, Adult Contemporary","Product Description, On, Confessions of a Dance Floor, , Madonna, the most popular and significant f",Hybrid Theory,B00004Z459,"CDs & Vinyl, Indie & Alternative, Alternative Rock, American Alternative",When the first track from a band's debut album gets added to major rock stations four weeks before i,Ultimate Manilow,B00005USBH,"CDs & Vinyl, Pop, Oldies, Traditional Pop","Ulimate Manilow, the greatest hits collection from the #1 Adult Contemporary artists of all time. Tr","So Far, So Good...So What!       Explicit Lyrics",B0002EXH4A,"CDs & Vinyl, Rock, Progressive, Progressive Metal","This re-issue features four previously unreleased tracks ""Into the Lungs of Hell (Paul Lani Mix),"" """,Dark Side Of The Moon,B000002U82,"CDs & Vinyl, Rock, Progressive, Progressive Rock","Product description, DARK SIDE OF THE MOON was a benchmark record. It turned the musical world on it",Forty Licks,B00006IR69,"CDs & Vinyl, Classic Rock, Album-Oriented Rock (AOR)","Product description, 2CD set. Digitally remastered! Career-spanning, 40-track compile of classics., ",Wingspan: Hits and History,B00005BA03,"CDs & Vinyl, International Music, Europe, Britain & Ireland, Britain","Product description, CD's have a total of 40 songs. Manufactured by Capitol Records., Amazon.com, Wh",Viva la Vida or Death and All His Friends,B000RPTQ1C,"CDs & Vinyl, Indie & Alternative, Alternative Rock, British Alternative","Product Description, Coldplay Photos, Amazon.com, To say there has been a lot of anticipation for Co",Cheek to Cheek,B00MU79IL8,"CDs & Vinyl, Universal Music Group",Deluxe edition includes three bonus tracks. The legendary Tony Bennett and superstar Lady Gaga met i,Get Born,B0000AQVCL,"CDs & Vinyl, Indie & Alternative, Hardcore & Punk, Garage Punk","Product Description, Your rock & roll ship has come in. Or, more rightly, your Jet has landed. This "
AGSMSU2VT6AHH3WFZCNVGLVABEWA,Recommend a song for working out or gym with fast melody,10,Hybrid Theory,B00004Z459,"CDs & Vinyl, Indie & Alternative, Alternative Rock, American Alternative",When the first track from a band's debut album gets added to major rock stations four weeks before i,Sounds of Summer: Very Best of The Beach Boys,B000093BDX,"CDs & Vinyl, Pop, Oldies, Baroque Pop","Product Description, This the ultimate Beach Boys album. Thirty hits fa vorite songs, the most Beach",Ultimate Manilow,B00005USBH,"CDs & Vinyl, Pop, Oldies, Traditional Pop","Ulimate Manilow, the greatest hits collection from the #1 Adult Contemporary artists of all time. Tr",Cheek to Cheek,B00MU79IL8,"CDs & Vinyl, Universal Music Group",Deluxe edition includes three bonus tracks. The legendary Tony Bennett and superstar Lady Gaga met i,In The Lonely Hour,B00H3GZMIE,"CDs & Vinyl, Pop, Singer-Songwriters","Product Description, Between smashing it on guest vocal performances, Sam was crafting his own uniqu",Dark Side Of The Moon,B000002U82,"CDs & Vinyl, Rock, Progressive, Progressive Rock","Product description, DARK SIDE OF THE MOON was a benchmark record. It turned the musical world on it",In The Zone,B0000DD7LB,"CDs & Vinyl, Today's Deals in Music, Dance & DJ, Dance General, CDs $7 - $10","Product Description, Jive Recording artist Britney Spears is set to release her 4th album, In The Zo",Wingspan: Hits and History,B00005BA03,"CDs & Vinyl, International Music, Europe, Britain & Ireland, Britain","Product description, CD's have a total of 40 songs. Manufactured by Capitol Records., Amazon.com, Wh",A Bigger Bang       Explicit Lyrics,B000A7Q27I,"CDs & Vinyl, International Music, Europe, Britain & Ireland, Britain","Product Description, A Bigger Bang is an ambitious, wide-ranging collection of hard-hitting, high-po",Come Away with Me,B00005YW4H,"CDs & Vinyl, Pop, Singer-Songwriters",nan
AF2ZPNDKPOR77XU4EQIIWWYP3EDQ,Recommend a song for working out or gym with fast melody,10,In The Zone,B0000DD7LB,"CDs & Vinyl, Today's Deals in Music, Dance & DJ, Dance General, CDs $7 - $10","Product Description, Jive Recording artist Britney Spears is set to release her 4th album, In The Zo",A Bigger Bang       Explicit Lyrics,B000A7Q27I,"CDs & Vinyl, International Music, Europe, Britain & Ireland, Britain","Product Description, A Bigger Bang is an ambitious, wide-ranging collection of hard-hitting, high-po",Get Rich Or Die Tryin'       Explicit Lyrics,B000084T18,"CDs & Vinyl, Rap & Hip-Hop, East Coast",50 cents debut promises to set the pace for hip-ho p in coming years. The product of his un-relentin,Dance With My Father,B000099J41,"CDs & Vinyl, Today's Deals in Music, R&B, Quiet Storm, CDs $7 - $10",Rome ~ Dance With My Father,In The Lonely Hour,B00H3GZMIE,"CDs & Vinyl, Pop, Singer-Songwriters","Product Description, Between smashing it on guest vocal performances, Sam was crafting his own uniqu",Encore       Explicit Lyrics,B00065XJ52,"CDs & Vinyl, Rap & Hip-Hop, Gangsta & Hardcore","ENCORE is the new album from Eminem that includes the hot smash singles ""Just Lose It.""","Old Boots, New Dirt",B00MDHM6VO,"CDs & Vinyl, AutoRip","2014 album from the two time ACM 'Male Vocalist of the Year', Country music sensation, Jason Aldean.",Jar Of Flies,B0000029F8,"CDs & Vinyl, Metal, Alternative Metal","Product description, No Description AvailableNo Track Information Available, Media Type:, CD, Artist",Around the Sun,B0002W4UVG,"CDs & Vinyl, Indie & Alternative, Indie & Lo-Fi, Jangle Pop","Product Description, The thirteenth studio album from R.E.M., released in 2004, Around the Sun is no",X&Y,B0006L16N8,"CDs & Vinyl, Indie & Alternative, Alternative Rock, British Alternative, Britpop","Product Description, Coldplay's massively anticipated new album, X&Y, is the follow-up to 2002's 16-"
AFXT3QEYAQFCMCWIJFMC4ITQKZRQ,Recommend a song for working out or gym with fast melody,10,Meteora,B00008H2LB,"CDs & Vinyl, Indie & Alternative, Alternative Rock, American Alternative","Product Description, Meteora, the follow-up album of the new material to Linkin Park's phenomenal ei",Sounds of Summer: Very Best of The Beach Boys,B000093BDX,"CDs & Vinyl, Pop, Oldies, Baroque Pop","Product Description, This the ultimate Beach Boys album. Thirty hits fa vorite songs, the most Beach",The Best of Anita Baker,B000066RM4,"CDs & Vinyl, R&B, Contemporary R&B",The Best of Anita Baker serves up 18 sensuously soulful songs released on the Beverly Glen and Ele k,Get Rich Or Die Tryin'       Explicit Lyrics,B000084T18,"CDs & Vinyl, Rap & Hip-Hop, East Coast",50 cents debut promises to set the pace for hip-ho p in coming years. The product of his un-relentin,This Is Me...Then,B00006RIO8,"CDs & Vinyl, Today's Deals in Music, Pop, Pop General, CDs $7 - $10","Product description, Between her first and second albums, Jennifer Lopez moved from sharp hip-hop to",Encore       Explicit Lyrics,B00065XJ52,"CDs & Vinyl, Rap & Hip-Hop, Gangsta & Hardcore","ENCORE is the new album from Eminem that includes the hot smash singles ""Just Lose It.""",Dark Side Of The Moon,B000002U82,"CDs & Vinyl, Rock, Progressive, Progressive Rock","Product description, DARK SIDE OF THE MOON was a benchmark record. It turned the musical world on it",A Bigger Bang       Explicit Lyrics,B000A7Q27I,"CDs & Vinyl, International Music, Europe, Britain & Ireland, Britain","Product Description, A Bigger Bang is an ambitious, wide-ranging collection of hard-hitting, high-po",Oscd Ad Adele 21,B004EBT5CU,"CDs & Vinyl, Pop, Singer-Songwriters","21, is the eagerly awaited sophomore album from British singer-songwriter Adele. It’s the follow up ",Hotel California,B000002GVO,"CDs & Vinyl, Classic Rock, Album-Oriented Rock (AOR)","Product Description, Given the extraordinary amount of airplay, HOTEL CALIFORNIA, garnered in the mi"
AF3XJSR2YN47IRE5F5QEIXECDXGA,Recommend a song for working out or gym with fast melody,10,Sounds of Summer: Very Best of The Beach Boys,B000093BDX,"CDs & Vinyl, Pop, Oldies, Baroque Pop","Product Description, This the ultimate Beach Boys album. Thirty hits fa vorite songs, the most Beach",FIREPOWER,B078SKX6ZV,"CDs & Vinyl, Pop","2018 release, the 18th album from the legendary British heavy metal band. Firepower is something the",Cheek to Cheek,B00MU79IL8,"CDs & Vinyl, Universal Music Group",Deluxe edition includes three bonus tracks. The legendary Tony Bennett and superstar Lady Gaga met i,In The Lonely Hour,B00H3GZMIE,"CDs & Vinyl, Pop, Singer-Songwriters","Product Description, Between smashing it on guest vocal performances, Sam was crafting his own uniqu",In The Zone,B0000DD7LB,"CDs & Vinyl, Today's Deals in Music, Dance & DJ, Dance General, CDs $7 - $10","Product Description, Jive Recording artist Britney Spears is set to release her 4th album, In The Zo",Dance With My Father,B000099J41,"CDs & Vinyl, Today's Deals in Music, R&B, Quiet Storm, CDs $7 - $10",Rome ~ Dance With My Father,Wingspan: Hits and History,B00005BA03,"CDs & Vinyl, International Music, Europe, Britain & Ireland, Britain","Product description, CD's have a total of 40 songs. Manufactured by Capitol Records., Amazon.com, Wh",A Bigger Bang       Explicit Lyrics,B000A7Q27I,"CDs & Vinyl, International Music, Europe, Britain & Ireland, Britain","Product Description, A Bigger Bang is an ambitious, wide-ranging collection of hard-hitting, high-po",Enema Of The State       Explicit Lyrics,B00000IPAX,"CDs & Vinyl, Indie & Alternative, Hardcore & Punk, Punk",nan,Echoes: The Best of Pink Floyd,B00005QDW5,"CDs & Vinyl, Rock, Progressive, Progressive Rock","Product description, Pink Floyd Echoes (1 & 2) We receive various CDs from the radio cores that we r"
AENSAOMBLPCBTVCRT7RTCRMIEGWQ,Recommend a song for working out or gym with fast melody,10,Sounds of Summer: Very Best of The Beach Boys,B000093BDX,"CDs & Vinyl, Pop, Oldies, Baroque Pop","Product Description, This the ultimate Beach Boys album. Thirty hits fa vorite songs, the most Beach",Get Rich Or Die Tryin'       Explicit Lyrics,B000084T18,"CDs & Vinyl, Rap & Hip-Hop, East Coast",50 cents debut promises to set the pace for hip-ho p in coming years. The product of his un-relentin,This Is Me...Then,B00006RIO8,"CDs & Vinyl, Today's Deals in Music, Pop, Pop General, CDs $7 - $10","Product description, Between her first and second albums, Jennifer Lopez moved from sharp hip-hop to",10.000 Days,B000EULJLU,"CDs & Vinyl, Rock, Progressive, Progressive Metal","Product Description, After five long years, the new studio album from Tool, 10,000 DAYS, is ready to",Dance With My Father,B000099J41,"CDs & Vinyl, Today's Deals in Music, R&B, Quiet Storm, CDs $7 - $10",Rome ~ Dance With My Father,A Bigger Bang       Explicit Lyrics,B000A7Q27I,"CDs & Vinyl, International Music, Europe, Britain & Ireland, Britain","Product Description, A Bigger Bang is an ambitious, wide-ranging collection of hard-hitting, high-po",We Are Not Alone       Explicit Lyrics,B0002A2VS2,"CDs & Vinyl, Indie & Alternative, Alternative Rock, American Alternative","This is the new album from Breaking Benjamin that features their first single ""So Cold.""",Be,B0009IFEJ0,"CDs & Vinyl, Rap & Hip-Hop, Experimental Rap","Product description, Common ~ Be, Amazon.com, Though heralded as an instant hip-hop classic by some,",In The Lonely Hour,B00H3GZMIE,"CDs & Vinyl, Pop, Singer-Songwriters","Product Description, Between smashing it on guest vocal performances, Sam was crafting his own uniqu","Old Boots, New Dirt",B00MDHM6VO,"CDs & Vinyl, AutoRip","2014 album from the two time ACM 'Male Vocalist of the Year', Country music sensation, Jason Aldean."
